"Where (key)","English","বাংলা: current draft","Your correction (leave empty if fine)","Notes"
"tagline","Every version of the news, at your time","প্রতিটি খবরের সব রূপ, আপনার সময়ে","",""
"nav.feed","Feed","ফিড","",""
"nav.following","Following","ফলো","",""
"nav.archive","Archive","আর্কাইভ","",""
"nav.sources","Our sources","আমাদের সূত্র","",""
"nav.about","How it works","এটি কীভাবে কাজ করে","",""
"nav.signin","Sign in","সাইন ইন","",""
"nav.settings","Settings","সেটিংস","",""
"nav.menu","Main menu","প্রধান মেনু","",""
"welcome.title","Every version of the news, at your time","প্রতিটি খবরের সব রূপ, আপনার সময়ে","",""
"welcome.intro","Choose your state. International and National news is the same for everyone: every public source, untouched, with a link to each original.","আপনার রাজ্য বেছে নিন। আন্তর্জাতিক ও জাতীয় খবর সবার জন্য একই: প্রতিটি প্রকাশ্য সূত্র, অপরিবর্তিত, প্রতিটি মূল লেখার লিঙ্কসহ।","",""
"welcome.signin","Already have an account? Sign in","আগে থেকেই অ্যাকাউন্ট আছে? সাইন ইন করুন","",""
"prefs.topics","Topics","বিষয়","",""
"prefs.places","Your state","আপনার রাজ্য","",""
"prefs.state","State","রাজ্য","",""
"prefs.chooseState","Choose your state","আপনার রাজ্য বেছে নিন","",""
"feed.chooseState","Choose your state to see its news. You can change it at any time.","আপনার রাজ্যের খবর দেখতে রাজ্য বেছে নিন। যেকোনো সময় বদলাতে পারেন।","",""
"prefs.statePilot","Every state is treated alike: its own outlets, in its languages and English, plus national outlets’ coverage of it. You can switch state at any time.","প্রতিটি রাজ্যকে সমানভাবে: সেই রাজ্যের নিজস্ব সংবাদমাধ্যম (তার ভাষায় ও ইংরেজিতে) এবং জাতীয় সংবাদমাধ্যমে তার খবর। যেকোনো সময় রাজ্য বদলাতে পারেন।","",""
"prefs.hideCrime","Hide crime and accident stories","অপরাধ ও দুর্ঘটনার খবর লুকান","",""
"prefs.hideCrimeHint","Your choice. We never hide anything on our own.","এটি শুধু আপনার পছন্দ। আমরা নিজে থেকে কিছু লুকাই না।","",""
"prefs.save","Show my news","আমার খবর দেখান","",""
"prefs.saveSettings","Save","সংরক্ষণ করুন","",""
"prefs.saved","Saved","সংরক্ষিত","",""
"prefs.topicOrder","Order of topic buttons","বিষয় বোতামের ক্রম","",""
"prefs.topicOrderHint","Put the topics you check most first. This only moves the buttons on your feed: all news still shows.","যে বিষয়গুলো বেশি দেখেন সেগুলো আগে রাখুন। এতে ফিডে শুধু বোতামের জায়গা বদলায়: সব খবর আগের মতোই দেখা যায়।","",""
"prefs.moveUp","Move {topic} up","{topic} উপরে সরান","",""
"prefs.moveDown","Move {topic} down","{topic} নিচে সরান","",""
"prefs.resetOrder","Reset to the standard order","সাধারণ ক্রমে ফেরান","",""
"feed.arrange","Arrange","সাজান","",""
"feed.arrangeHint","Drag the topics into the order you like (or use the arrow keys), then Save. This only moves the buttons: all news still shows.","বিষয়গুলো টেনে পছন্দের ক্রমে সাজান (বা তীর কী ব্যবহার করুন), তারপর সংরক্ষণ করুন। এতে শুধু বোতাম সরে: সব খবর দেখা যায়।","",""
"feed.title","Your news","আপনার খবর","",""
"feed.since","Since your last visit, {time}","আপনার শেষ ভিজিট {time} থেকে","",""
"weather.pageTitle","Weather in every state","প্রতিটি রাজ্যের আবহাওয়া","",""
"weather.note","At each state's and union territory's capital, not your location. Refreshed every 30 minutes.","প্রতিটি রাজ্য ও কেন্দ্রশাসিত অঞ্চলের রাজধানীর, আপনার অবস্থানের নয়। প্রতি ৩০ মিনিটে নতুন।","",""
"weather.range","{low}°–{high}° in the next 24 h","পরের ২৪ ঘণ্টায় {low}°–{high}°","",""
"weather.allStates","All states","সব রাজ্য","",""
"weather.credit","Weather data: MET Norway, converted to words and rounded","আবহাওয়ার তথ্য: MET Norway, শব্দে রূপান্তরিত ও পূর্ণসংখ্যায়","",""
"weather.updated","Forecast made {time}","পূর্বাভাস: {time}","",""
"weather.unavailable","Not available right now","এখন পাওয়া যাচ্ছে না","",""
"sky.clear","Clear","পরিষ্কার","",""
"sky.partly","Partly cloudy","আংশিক মেঘলা","",""
"sky.cloudy","Cloudy","মেঘলা","",""
"sky.fog","Fog","কুয়াশা","",""
"sky.rain","Rain","বৃষ্টি","",""
"sky.heavyRain","Heavy rain","ভারী বৃষ্টি","",""
"sky.thunder","Thunderstorm","বজ্রঝড়","",""
"sky.snow","Snow","তুষার","",""
"intro.title","How Vuaz works","Vuaz কীভাবে কাজ করে","",""
"intro.one","Each story brings together every outlet's report on it: newspapers, TV and websites, in many languages.","প্রতিটি খবরে সেটি নিয়ে প্রতিটি সংবাদমাধ্যমের প্রতিবেদন এক জায়গায়: সংবাদপত্র, টিভি ও ওয়েবসাইট, অনেক ভাষায়।","",""
"intro.two","Open a story to see how each outlet headlined it, and compare them side by side.","একটি খবর খুলে দেখুন কে কী শিরোনাম দিয়েছে, আর পাশাপাশি তুলনা করুন।","",""
"intro.three","We never rank, rate, summarise or rewrite the news. Every report links to the original.","আমরা খবরের র‍্যাঙ্ক, রেটিং, সারাংশ বা পুনর্লিখন করি না। প্রতিটি প্রতিবেদন মূলটির সঙ্গে যুক্ত।","",""
"card.versions","See all versions","সব রূপ দেখুন","",""
"story.headlined","How they headlined it","কে কী শিরোনাম দিয়েছে","",""
"story.headlinedNote","The first report in each language, then the earliest from other outlets, in their own words. Every report is listed below.","প্রতিটি ভাষার প্রথম প্রতিবেদন, তারপর অন্য সংবাদমাধ্যমের সবচেয়ে আগেরটি, তাদের নিজের ভাষায়। সব প্রতিবেদন নিচে আছে।","",""
"feed.nothingNew","Nothing new since your last visit","আপনার শেষ ভিজিটের পর নতুন কিছু নেই","",""
"kind.opinion","Opinion","মতামত","",""
"kind.editorial","Editorial","সম্পাদকীয়","",""
"kind.analysis","Analysis","বিশ্লেষণ","",""
"feed.morningName","Good morning, {name}","সুপ্রভাত, {name}","",""
"feed.afternoonName","Good afternoon, {name}","শুভ দুপুর, {name}","",""
"feed.eveningName","Good evening, {name}","শুভ সন্ধ্যা, {name}","",""
"feed.welcomeName","Welcome, {name}","স্বাগতম, {name}","",""
"feed.welcomeBackName","Welcome back, {name}","আবার স্বাগতম, {name}","",""
"name.title","What should we call you?","আপনাকে কী নামে ডাকব?","",""
"name.intro","We greet you by this name. Only you and our team see it.","এই নামেই আপনাকে শুভেচ্ছা জানাব। এটি শুধু আপনি আর আমাদের দল দেখতে পায়।","",""
"name.label","Your name","আপনার নাম","",""
"name.note","Up to 40 letters. You can change it in Settings.","৪০টি অক্ষর পর্যন্ত। সেটিংসে বদলাতে পারবেন।","",""
"name.empty","Please write a name.","অনুগ্রহ করে একটি নাম লিখুন।","",""
"name.saved","Name saved.","নাম সংরক্ষিত হয়েছে।","",""
"name.continue","Continue","এগিয়ে যান","",""
"name.save","Save name","নাম সংরক্ষণ করুন","",""
"settings.restricted","Your account is restricted. You can still read all the news, but following stories, saving settings and suggesting sources are turned off.","আপনার অ্যাকাউন্ট সীমিত করা হয়েছে। আপনি সব খবর পড়তে পারবেন, কিন্তু খবর ফলো করা, সেটিং সংরক্ষণ করা এবং উৎস প্রস্তাব করা বন্ধ আছে।","",""
"nav.watch","Watch","দেখুন","",""
"feed.morning","Good morning","সুপ্রভাত","",""
"feed.afternoon","Good afternoon","শুভ দুপুর","",""
"feed.evening","Good evening","শুভ সন্ধ্যা","",""
"feed.tagline","Every version of the news, side by side. The same for every reader.","খবরের প্রতিটি রূপ, পাশাপাশি। প্রত্যেক পাঠকের জন্য একই।","",""
"home.mostCovered","Most covered today","আজ সবচেয়ে বেশি প্রকাশিত খবর","",""
"home.mostCoveredNote","By number of outlets reporting it. Never by clicks.","কতগুলি সংবাদমাধ্যম প্রকাশ করেছে তা দিয়ে। ক্লিক দিয়ে কখনও নয়।","",""
"home.coveredBy","Covered by {n} outlets","{n}টি সংবাদমাধ্যম প্রকাশ করেছে","",""
"home.sourcesLangs","{n} sources · {l} languages","{n} সূত্র · {l} ভাষা","",""
"home.sourcesLang1","{n} sources · 1 language","{n} সূত্র · 1 ভাষা","",""
"home.prev","Previous story","আগের খবর","",""
"home.next","Next story","পরের খবর","",""
"home.justIn","Just in","এইমাত্র","",""
"home.watch","Watch: latest from YouTube","দেখুন: ইউটিউবে সর্বশেষ","",""
"home.seeAll","See all","সব দেখুন","",""
"watch.title","Watch","দেখুন","",""
"watch.intro","The latest videos from the official YouTube channels we follow, newest first. Each opens on YouTube.","আমরা যে সরকারি ইউটিউব চ্যানেলগুলি অনুসরণ করি তাদের সর্বশেষ ভিডিও, নতুনগুলি আগে। প্রতিটি ইউটিউবে খোলে।","",""
"watch.empty","No videos here yet.","এখানে এখনও কোনো ভিডিও নেই।","",""
"watch.versions","All versions","সব রূপ","",""
"search.label","Search headlines","শিরোনাম খুঁজুন","",""
"search.placeholder","Search headlines, places, people…","শিরোনাম, জায়গা, মানুষ খুঁজুন…","",""
"search.title","Search","খুঁজুন","",""
"search.results","Stories from the last 30 days that mention “{q}”, newest first.","গত 30 দিনের যে খবরে “{q}” আছে, নতুনগুলি আগে।","",""
"search.empty","No story in the last 30 days mentions that.","গত 30 দিনের কোনো খবরে এটি নেই।","",""
"search.hint","Type at least two letters.","অন্তত দুটি অক্ষর লিখুন।","",""
"theme.dark","Switch to dark mode","ডার্ক মোডে যান","",""
"theme.light","Switch to light mode","লাইট মোডে যান","",""
"install.title","Vuaz on your home screen","আপনার হোম স্ক্রিনে Vuaz","",""
"install.body","Free, no app store. Catch up whenever you like.","বিনামূল্যে, অ্যাপ স্টোর লাগবে না। যখন খুশি পড়ুন।","",""
"install.button","Install the app","অ্যাপ ইনস্টল করুন","",""
"install.ios","On iPhone: tap Share, then “Add to Home Screen”.","আইফোনে: Share চাপুন, তারপর “Add to Home Screen”।","",""
"feed.refreshed","News last refreshed: {time}","খবর শেষ হালনাগাদ: {time}","",""
"feed.hintTopic","Showing {topic} news. Tap another topic above to change.","{topic} বিষয়ের খবর দেখানো হচ্ছে। বদলাতে ওপরে অন্য বিষয়ে চাপুন।","",""
"feed.firstVisit","Last 7 days","গত 7 দিন","",""
"feed.tabInternational","International","আন্তর্জাতিক","",""
"feed.tabNational","National","জাতীয়","",""
"feed.tabsLabel","Area","এলাকা","",""
"feed.order","Order","ক্রম","",""
"feed.orderNote","Order is mechanical and yours to change. We never rank or rate sources.","ক্রম যান্ত্রিক এবং আপনি বদলাতে পারেন। আমরা সূত্রকে র‍্যাঙ্ক বা রেটিং দিই না।","",""
"feed.sources","{n} sources","{n}টি সূত্র","",""
"feed.source1","1 source so far","এখন পর্যন্ত 1টি সূত্র","",""
"feed.reports","{n} reports","{n}টি প্রতিবেদন","",""
"feed.new","New","নতুন","",""
"feed.empty","No stories here yet for your choices.","আপনার পছন্দের জন্য এখানে এখনও কোনো খবর নেই।","",""
"feed.more","Show more","আরও দেখান","",""
"feed.firstBy","First reported by {source}","প্রথম প্রকাশ: {source}","",""
"feed.demo","You are looking at sample stories. Connect Supabase (see docs/SETUP.md) to see live news.","আপনি নমুনা খবর দেখছেন। লাইভ খবরের জন্য Supabase যুক্ত করুন (docs/SETUP.md দেখুন)।","",""
"feed.edit","Change my choices","আমার পছন্দ বদলান","",""
"sort.sources","Most sources first","সবচেয়ে বেশি সূত্র আগে","",""
"sort.latest","Latest first","সর্বশেষ আগে","",""
"sort.random","Random","এলোমেলো","",""
"sort.earliest","Earliest first","সবচেয়ে পুরোনো আগে","",""
"sort.source","Source name A to Z","সূত্রের নাম অনুযায়ী","",""
"story.back","Back to feed","ফিডে ফিরুন","",""
"story.count","{n} reports from {s} sources","{s}টি সূত্র থেকে {n}টি প্রতিবেদন","",""
"story.follow","Follow this story","এই খবরটি ফলো করুন","",""
"story.following","Following","ফলো করছেন","",""
"story.unfollow","Stop following","ফলো বন্ধ করুন","",""
"story.signInToFollow","Sign in to follow","ফলো করতে সাইন ইন করুন","",""
"story.filterType","Kind of source","সূত্রের ধরন","",""
"story.filterLanguage","Language","ভাষা","",""
"story.all","All","সব","",""
"story.sort","Order","ক্রম","",""
"story.orderNote","We never rank or rate sources. Order is by time unless you change it.","আমরা সূত্রকে র‍্যাঙ্ক বা রেটিং দিই না। আপনি না বদলালে ক্রম সময় অনুযায়ী।","",""
"story.read","Read at {source}","{source}-এ পড়ুন","",""
"story.watch","Watch on {source}","{source}-এ দেখুন","",""
"story.ownTranslator","Opens in {language}. To read it in your language, use your phone’s own translator (Google Translate, or Translate in Safari on iPhone).","{language} ভাষায় খুলবে। নিজের ভাষায় পড়তে ফোনের অনুবাদক ব্যবহার করুন (Google Translate, বা iPhone-এ Safari-র অনুবাদ)।","",""
"tr.from","Translated from {language}","{language} থেকে অনুবাদ","",""
"tr.showOriginal","Translated by Google · show the original ({language})","Google অনুবাদ · মূল শিরোনাম দেখুন ({language})","",""
"story.pictureBy","Picture: {source}","ছবি: {source}","",""
"listen.all","Read aloud","পড়ে শোনান","",""
"listen.one","Listen","শুনুন","",""
"listen.stop","Stop","থামান","",""
"listen.from","From {source}.","{source} থেকে।","",""
"listen.noVoice","Your phone has no {language} voice installed, so some words may be skipped or mispronounced.","আপনার ফোনে {language} কণ্ঠ নেই; কিছু শব্দ বাদ পড়তে বা ভুল উচ্চারণ হতে পারে।","",""
"story.compare","Compare","তুলনা","",""
"story.compareN","Compare side by side ({n})","পাশাপাশি তুলনা করুন ({n})","",""
"story.compareHint","Tick 2 or 3 reports to compare them.","তুলনা করতে 2 বা 3টি প্রতিবেদন বেছে নিন।","",""
"story.compareMax","You can compare up to 3 at a time.","একবারে সর্বোচ্চ 3টি তুলনা করা যায়।","",""
"story.wire","Same wire text as {n} other listing(s)","আরও {n}টি তালিকায় একই সংবাদ সংস্থার লেখা","",""
"story.updated","Headline changed by the source, {time}","সূত্র শিরোনাম বদলেছে, {time}","",""
"story.moreComing","New versions appear here as more outlets report. Follow the story to see them in your catch-up.","আরও সংস্থা প্রতিবেদন দিলে নতুন রূপ এখানে দেখা যাবে। আপনার আপডেটে দেখতে খবরটি ফলো করুন।","",""
"story.gone","This story is no longer available. Stories are kept for 30 days.","এই খবরটি আর পাওয়া যাচ্ছে না। খবর 30 দিন রাখা হয়।","",""
"story.noneMatch","No reports match these filters.","এই ফিল্টারের সঙ্গে মেলে এমন প্রতিবেদন নেই।","",""
"story.firstBy","First reported by {source}, {time}","প্রথম প্রকাশ: {source}, {time}","",""
"ai.ask","Ask your AI","আপনার AI-কে জিজ্ঞাসা করুন","",""
"ai.openWith","Open with","এতে খুলুন","",""
"ai.note","Opens the assistant you choose with the link only. We add no question or prompt.","আপনার বাছা সহকারীতে শুধু লিঙ্কটি খোলা হয়। আমরা কোনো প্রশ্ন বা প্রম্পট যোগ করি না।","",""
"ai.copied","Link copied. Paste it into {name}.","লিঙ্ক কপি হয়েছে। {name}-এ পেস্ট করুন।","",""
"ai.other","Copy link only","শুধু লিঙ্ক কপি করুন","",""
"compare.title","Side by side","পাশাপাশি","",""
"compare.intro","As each source published it.","প্রতিটি সূত্র যেমন প্রকাশ করেছে।","",""
"compare.headline","Headline","শিরোনাম","",""
"compare.snippet","Opening text","শুরুর লেখা","",""
"compare.original","Read original","মূল লেখা পড়ুন","",""
"compare.askAll","Ask your AI about these","এগুলি নিয়ে আপনার AI-কে জিজ্ঞাসা করুন","",""
"compare.none","Pick 2 or 3 reports on a story page to compare them.","তুলনা করতে কোনো খবরের পাতায় 2 বা 3টি প্রতিবেদন বেছে নিন।","",""
"compare.backToStory","Back to story","খবরে ফিরুন","",""
"following.title","Stories you follow","আপনি যে খবরগুলি ফলো করেন","",""
"following.newSince","{n} new since you last looked","শেষবার দেখার পর {n}টি নতুন","",""
"following.noNew","No new reports since you last looked","শেষবার দেখার পর নতুন প্রতিবেদন নেই","",""
"following.empty","Follow a developing story to see new reports here.","চলমান কোনো খবর ফলো করলে নতুন প্রতিবেদন এখানে দেখা যাবে।","",""
"following.signIn","Sign in to follow stories.","খবর ফলো করতে সাইন ইন করুন।","",""
"archive.title","Archive","আর্কাইভ","",""
"archive.intro","Stories from 8 to 30 days ago. After 30 days they are removed.","8 থেকে 30 দিন আগের খবর। 30 দিন পরে সরিয়ে দেওয়া হয়।","",""
"archive.search","Search headlines","শিরোনামে খুঁজুন","",""
"archive.searchButton","Search","খুঁজুন","",""
"archive.empty","Nothing found.","কিছু পাওয়া যায়নি।","",""
"sources.title","Our sources","আমাদের সূত্র","",""
"sources.intro","Every outlet we collect from. Choosing sources is itself a choice, so the whole list is public and anyone can suggest more.","যে প্রতিটি সংস্থা থেকে আমরা খবর সংগ্রহ করি। সূত্র বাছাই করাও একটি সিদ্ধান্ত, তাই পুরো তালিকা প্রকাশ্য এবং যে কেউ নতুন সূত্র প্রস্তাব করতে পারেন।","",""
"sources.policy","A source is included if it publishes news regularly, can be identified, and is not dedicated to hate or harassment. The same rule applies to every source.","যে সূত্র নিয়মিত খবর প্রকাশ করে, যাকে চেনা যায় এবং যা ঘৃণা বা হয়রানির জন্যই নিবেদিত নয়, তাকে রাখা হয়। প্রতিটি সূত্রের জন্য একই নিয়ম।","",""
"sources.count","{n} sources","{n}টি সূত্র","",""
"status.live","Collected","সংগ্রহ হচ্ছে","",""
"status.to_check","Being checked","যাচাই চলছে","",""
"status.broken","Feed not working","ফিড কাজ করছে না","",""
"status.no_feed","No public feed yet","এখনও কোনো পাবলিক ফিড নেই","",""
"layer.national","India","ভারত","",""
"layer.state","State","রাজ্য","",""
"layer.international","International","আন্তর্জাতিক","",""
"suggest.title","Suggest a source","একটি সূত্র প্রস্তাব করুন","",""
"suggest.name","Outlet or page name","সংস্থা বা পাতার নাম","",""
"suggest.url","Website (optional)","ওয়েবসাইট (ঐচ্ছিক)","",""
"suggest.note","Anything we should know (optional)","আমাদের যা জানা উচিত (ঐচ্ছিক)","",""
"suggest.send","Send suggestion","প্রস্তাব পাঠান","",""
"suggest.thanks","Thank you. Every suggestion is checked against the published source rule.","ধন্যবাদ। প্রতিটি প্রস্তাব প্রকাশিত সূত্র-নিয়ম অনুযায়ী যাচাই করা হয়।","",""
"suggest.signIn","Sign in to suggest a source.","সূত্র প্রস্তাব করতে সাইন ইন করুন।","",""
"suggest.error","Could not send. Please check the name and try again.","পাঠানো গেল না। নামটি দেখে আবার চেষ্টা করুন।","",""
"login.title","Sign in","সাইন ইন","",""
"login.intro","Save your choices and follow stories on every device. Reading needs no account.","আপনার পছন্দ সংরক্ষণ করুন এবং প্রতিটি ডিভাইসে খবর ফলো করুন। পড়ার জন্য অ্যাকাউন্ট লাগে না।","",""
"login.google","Continue with Google","Google দিয়ে চালিয়ে যান","",""
"login.error","Sign-in did not work. Please try again.","সাইন ইন হয়নি। আবার চেষ্টা করুন।","",""
"login.guest","Continue without an account","অ্যাকাউন্ট ছাড়াই চালিয়ে যান","",""
"login.notConfigured","Sign-in works once Supabase is connected (see docs/SETUP.md).","Supabase যুক্ত হলে সাইন ইন কাজ করবে (docs/SETUP.md দেখুন)।","",""
"settings.title","Settings","সেটিংস","",""
"settings.reading","What you see","আপনি যা দেখেন","",""
"settings.app","App","অ্যাপ","",""
"settings.ui","App language","অ্যাপের ভাষা","",""
"settings.ai","Default AI assistant","ডিফল্ট AI সহকারী","",""
"settings.account","Account","অ্যাকাউন্ট","",""
"settings.signedInAs","Signed in as {email}","{email} হিসেবে সাইন ইন","",""
"settings.guest","You are not signed in. Your choices are saved on this device only.","আপনি সাইন ইন করেননি। আপনার পছন্দ শুধু এই ডিভাইসে সংরক্ষিত থাকে।","",""
"settings.signOut","Sign out","সাইন আউট","",""
"settings.delete","Delete my account","আমার অ্যাকাউন্ট মুছুন","",""
"settings.deleteConfirm","This deletes your account, choices and follows for good. Type DELETE to confirm.","এতে আপনার অ্যাকাউন্ট, পছন্দ ও ফলো চিরতরে মুছে যাবে। নিশ্চিত করতে DELETE টাইপ করুন।","",""
"settings.deleteButton","Delete account","অ্যাকাউন্ট মুছুন","",""
"settings.inactive","Accounts unused for 12 months are deleted automatically. The app never sends email.","১২ মাস ব্যবহার না হওয়া অ্যাকাউন্ট নিজে থেকেই মুছে যায়। অ্যাপ কখনও ইমেল পাঠায় না।","",""
"group.newspaper","Newspaper","সংবাদপত্র","",""
"group.tv","TV","টিভি","",""
"group.digital","Digital","ডিজিটাল","",""
"group.community","Community","কমিউনিটি","",""
"group.government","Government","সরকার","",""
"group.international","International","আন্তর্জাতিক","",""
"group.video","YouTube","ইউটিউব","",""
"footer.rule","We never rank, rate or rewrite sources.","আমরা কখনও সূত্রকে র‍্যাঙ্ক, রেটিং দিই না বা নতুন করে লিখি না।","",""
"footer.about","How it works","এটি কীভাবে কাজ করে","",""
"footer.sources","Our sources","আমাদের সূত্র","",""
"footer.grievance","Grievances and takedowns","অভিযোগ ও সরানোর অনুরোধ","",""
"footer.privacy","Privacy","গোপনীয়তা","",""
"footer.terms","Terms","শর্তাবলি","",""
"notFound.title","Page not found","পাতা পাওয়া যায়নি","",""
"notFound.back","Go to your feed","আপনার ফিডে যান","",""
"error.title","Something went wrong","কিছু ভুল হয়েছে","",""
"error.retry","Try again","আবার চেষ্টা করুন","",""
"common.loading","Loading…","লোড হচ্ছে…","",""
"common.close","Close","বন্ধ করুন","",""
"topic name: politics","Politics","রাজনীতি","",""
"topic name: business","Business","ব্যবসা","",""
"topic name: tech","Tech","প্রযুক্তি","",""
"topic name: sports","Sports","খেলা","",""
"topic name: farming","Farming","কৃষি","",""
"topic name: education","Education & jobs","শিক্ষা ও চাকরি","",""
"topic name: health","Health","স্বাস্থ্য","",""
"topic name: cinema","Cinema","সিনেমা","",""
"topic name: crime","Crime","অপরাধ","",""
"topic name: auto","Automobile","গাড়ি","",""
"topic name: lifestyle","Lifestyle","লাইফস্টাইল","",""
"topic name: fashion","Fashion","ফ্যাশন","",""
"topic name: food","Food","খাবার","",""
"topic name: travel","Travel","ভ্রমণ","",""
"topic name: environment","Environment & weather","পরিবেশ ও আবহাওয়া","",""
"topic name: religion","Religion & festivals","ধর্ম ও উৎসব","",""
"topic name: accidents","Accidents","দুর্ঘটনা","",""
"topic name: space","Space","মহাকাশ","",""
"topic name: gaming","Gaming","গেমিং","",""
"state name: tg","Telangana","তেলেঙ্গানা","",""
"state name: ap","Andhra Pradesh","অন্ধ্রপ্রদেশ","",""
"state name: ar","Arunachal Pradesh","অরুণাচল প্রদেশ","",""
"state name: as","Assam","অসম","",""
"state name: br","Bihar","বিহার","",""
"state name: cg","Chhattisgarh","ছত্তিশগড়","",""
"state name: ga","Goa","গোয়া","",""
"state name: gj","Gujarat","গুজরাত","",""
"state name: hr","Haryana","হরিয়ানা","",""
"state name: hp","Himachal Pradesh","হিমাচল প্রদেশ","",""
"state name: jh","Jharkhand","ঝাড়খণ্ড","",""
"state name: ka","Karnataka","কর্ণাটক","",""
"state name: kl","Kerala","কেরল","",""
"state name: mp","Madhya Pradesh","মধ্যপ্রদেশ","",""
"state name: mh","Maharashtra","মহারাষ্ট্র","",""
"state name: mn","Manipur","মণিপুর","",""
"state name: ml","Meghalaya","মেঘালয়","",""
"state name: mz","Mizoram","মিজোরাম","",""
"state name: nl","Nagaland","নাগাল্যান্ড","",""
"state name: od","Odisha","ওড়িশা","",""
"state name: pb","Punjab","পাঞ্জাব","",""
"state name: rj","Rajasthan","রাজস্থান","",""
"state name: sk","Sikkim","সিকিম","",""
"state name: tn","Tamil Nadu","তামিলনাড়ু","",""
"state name: tr","Tripura","ত্রিপুরা","",""
"state name: up","Uttar Pradesh","উত্তরপ্রদেশ","",""
"state name: uk","Uttarakhand","উত্তরাখণ্ড","",""
"state name: wb","West Bengal","পশ্চিমবঙ্গ","",""
"state name: an","Andaman and Nicobar Islands","আন্দামান ও নিকোবর দ্বীপপুঞ্জ","",""
"state name: ch","Chandigarh","চণ্ডীগড়","",""
"state name: dn","Dadra and Nagar Haveli and Daman and Diu","দাদরা ও নগর হাভেলি এবং দমন ও দিউ","",""
"state name: dl","Delhi","দিল্লি","",""
"state name: jk","Jammu and Kashmir","জম্মু ও কাশ্মীর","",""
"state name: la","Ladakh","লাদাখ","",""
"state name: ld","Lakshadweep","লাক্ষাদ্বীপ","",""
"state name: py","Puducherry","পুদুচেরি","",""
