"Where (key)","English","ગુજરાતી: current draft","Your correction (leave empty if fine)","Notes"
"tagline","Every version of the news, at your time","દરેક સમાચારના બધા રૂપ, તમારા સમયે","",""
"nav.feed","Feed","ફીડ","",""
"nav.following","Following","ફૉલો","",""
"nav.archive","Archive","આર્કાઇવ","",""
"nav.sources","Our sources","અમારા સ્ત્રોતો","",""
"nav.about","How it works","આ કેવી રીતે કામ કરે છે","",""
"nav.signin","Sign in","સાઇન ઇન","",""
"nav.settings","Settings","સેટિંગ્સ","",""
"nav.menu","Main menu","મુખ્ય મેનૂ","",""
"welcome.title","Every version of the news, at your time","દરેક સમાચારના બધા રૂપ, તમારા સમયે","",""
"welcome.intro","Choose your state. International and National news is the same for everyone: every public source, untouched, with a link to each original.","તમારું રાજ્ય પસંદ કરો. આંતરરાષ્ટ્રીય અને રાષ્ટ્રીય સમાચાર બધા માટે સરખા: દરેક જાહેર સ્રોત, બદલ્યા વિના, દરેક મૂળ લેખની લિંક સાથે.","",""
"welcome.signin","Already have an account? Sign in","પહેલેથી ખાતું છે? સાઇન ઇન કરો","",""
"prefs.topics","Topics","વિષયો","",""
"prefs.places","Your state","તમારું રાજ્ય","",""
"prefs.state","State","રાજ્ય","",""
"prefs.chooseState","Choose your state","તમારું રાજ્ય પસંદ કરો","",""
"feed.chooseState","Choose your state to see its news. You can change it at any time.","તમારા રાજ્યના સમાચાર જોવા રાજ્ય પસંદ કરો. ગમે ત્યારે બદલી શકો છો.","",""
"prefs.statePilot","Every state is treated alike: its own outlets, in its languages and English, plus national outlets’ coverage of it. You can switch state at any time.","દરેક રાજ્ય સાથે સમાન વ્યવહાર: તે રાજ્યનાં પોતાનાં સમાચાર માધ્યમો (તેની ભાષાઓમાં અને અંગ્રેજીમાં) અને રાષ્ટ્રીય માધ્યમોમાં તેના સમાચાર. તમે ગમે ત્યારે રાજ્ય બદલી શકો છો.","",""
"prefs.hideCrime","Hide crime and accident stories","ગુના અને અકસ્માતના સમાચાર છુપાવો","",""
"prefs.hideCrimeHint","Your choice. We never hide anything on our own.","આ ફક્ત તમારી પસંદગી છે. અમે જાતે કંઈ છુપાવતા નથી.","",""
"prefs.save","Show my news","મારા સમાચાર બતાવો","",""
"prefs.saveSettings","Save","સાચવો","",""
"prefs.saved","Saved","સાચવ્યું","",""
"prefs.topicOrder","Order of topic buttons","વિષય બટનોનો ક્રમ","",""
"prefs.topicOrderHint","Put the topics you check most first. This only moves the buttons on your feed: all news still shows.","તમે સૌથી વધુ જુઓ છો તે વિષયો પહેલાં મૂકો. આથી ફીડ પર ફક્ત બટનો આગળ-પાછળ થાય છે: બધા સમાચાર દેખાતા રહે છે.","",""
"prefs.moveUp","Move {topic} up","{topic} ઉપર ખસેડો","",""
"prefs.moveDown","Move {topic} down","{topic} નીચે ખસેડો","",""
"prefs.resetOrder","Reset to the standard order","મૂળ ક્રમ પર પાછા જાઓ","",""
"feed.arrange","Arrange","ગોઠવો","",""
"feed.arrangeHint","Drag the topics into the order you like (or use the arrow keys), then Save. This only moves the buttons: all news still shows.","વિષયોને ખેંચીને તમારા મનગમતા ક્રમમાં મૂકો (અથવા તીર કી વાપરો), પછી સેવ કરો. આથી ફક્ત બટનો ખસે છે: બધા સમાચાર દેખાતા રહે છે.","",""
"feed.title","Your news","તમારા સમાચાર","",""
"feed.since","Since your last visit, {time}","તમારી છેલ્લી મુલાકાત {time} થી","",""
"weather.pageTitle","Weather in every state","દરેક રાજ્યનું હવામાન","",""
"weather.note","At each state's and union territory's capital, not your location. Refreshed every 30 minutes.","દરેક રાજ્ય અને કેન્દ્રશાસિત પ્રદેશની રાજધાનીનું, તમારા સ્થાનનું નહીં. દર 30 મિનિટે તાજું.","",""
"weather.range","{low}°–{high}° in the next 24 h","આગામી 24 કલાકમાં {low}°–{high}°","",""
"weather.allStates","All states","બધાં રાજ્યો","",""
"weather.credit","Weather data: MET Norway, converted to words and rounded","હવામાન માહિતી: MET Norway, શબ્દોમાં ફેરવી અને પૂર્ણાંકમાં","",""
"weather.updated","Forecast made {time}","આગાહી: {time}","",""
"weather.unavailable","Not available right now","હાલ ઉપલબ્ધ નથી","",""
"sky.clear","Clear","સ્વચ્છ","",""
"sky.partly","Partly cloudy","આંશિક વાદળછાયું","",""
"sky.cloudy","Cloudy","વાદળછાયું","",""
"sky.fog","Fog","ધુમ્મસ","",""
"sky.rain","Rain","વરસાદ","",""
"sky.heavyRain","Heavy rain","ભારે વરસાદ","",""
"sky.thunder","Thunderstorm","વાવાઝોડું","",""
"sky.snow","Snow","બરફ","",""
"intro.title","How Vuaz works","Vuaz કેવી રીતે કામ કરે છે","",""
"intro.one","Each story brings together every outlet's report on it: newspapers, TV and websites, in many languages.","દરેક સમાચારમાં તેના વિશે દરેક માધ્યમનો અહેવાલ એક જગ્યાએ: અખબારો, ટીવી અને વેબસાઇટ્સ, ઘણી ભાષાઓમાં.","",""
"intro.two","Open a story to see how each outlet headlined it, and compare them side by side.","સમાચાર ખોલીને જુઓ કે દરેક માધ્યમે શું મથાળું આપ્યું, અને સાથે સાથે સરખાવો.","",""
"intro.three","We never rank, rate, summarise or rewrite the news. Every report links to the original.","અમે સમાચારને ક્રમ, રેટિંગ, સારાંશ આપતા નથી કે ફરી લખતા નથી. દરેક અહેવાલ મૂળ સાથે જોડાયેલો છે.","",""
"card.versions","See all versions","બધાં સ્વરૂપો જુઓ","",""
"story.headlined","How they headlined it","કોણે શું મથાળું આપ્યું","",""
"story.headlinedNote","The first report in each language, then the earliest from other outlets, in their own words. Every report is listed below.","દરેક ભાષાનો પહેલો અહેવાલ, પછી બીજાં માધ્યમોનો સૌથી પહેલો, તેમના જ શબ્દોમાં. બધા અહેવાલ નીચે છે.","",""
"feed.nothingNew","Nothing new since your last visit","તમારી છેલ્લી મુલાકાત પછી કંઈ નવું નથી","",""
"kind.opinion","Opinion","અભિપ્રાય","",""
"kind.editorial","Editorial","તંત્રીલેખ","",""
"kind.analysis","Analysis","વિશ્લેષણ","",""
"feed.morningName","Good morning, {name}","સુપ્રભાત, {name}","",""
"feed.afternoonName","Good afternoon, {name}","શુભ બપોર, {name}","",""
"feed.eveningName","Good evening, {name}","શુભ સાંજ, {name}","",""
"feed.welcomeName","Welcome, {name}","સ્વાગત છે, {name}","",""
"feed.welcomeBackName","Welcome back, {name}","ફરી સ્વાગત છે, {name}","",""
"name.title","What should we call you?","અમે તમને શું કહીને બોલાવીએ?","",""
"name.intro","We greet you by this name. Only you and our team see it.","અમે તમને આ નામથી આવકારીશું. તે ફક્ત તમે અને અમારી ટીમ જુએ છે.","",""
"name.label","Your name","તમારું નામ","",""
"name.note","Up to 40 letters. You can change it in Settings.","40 અક્ષરો સુધી. સેટિંગ્સમાં બદલી શકો છો.","",""
"name.empty","Please write a name.","કૃપા કરીને નામ લખો.","",""
"name.saved","Name saved.","નામ સચવાયું.","",""
"name.continue","Continue","આગળ વધો","",""
"name.save","Save name","નામ સાચવો","",""
"settings.restricted","Your account is restricted. You can still read all the news, but following stories, saving settings and suggesting sources are turned off.","તમારું ખાતું પ્રતિબંધિત છે. તમે બધા સમાચાર વાંચી શકો છો, પણ સમાચાર ફોલો કરવા, સેટિંગ્સ સાચવવી અને સ્ત્રોત સૂચવવા બંધ છે.","",""
"nav.watch","Watch","જુઓ","",""
"feed.morning","Good morning","સુપ્રભાત","",""
"feed.afternoon","Good afternoon","શુભ બપોર","",""
"feed.evening","Good evening","શુભ સાંજ","",""
"feed.tagline","Every version of the news, side by side. The same for every reader.","સમાચારનું દરેક રૂપ, બાજુબાજુમાં. દરેક વાચક માટે એકસરખું.","",""
"home.mostCovered","Most covered today","આજે સૌથી વધુ પ્રસિદ્ધ થયેલા સમાચાર","",""
"home.mostCoveredNote","By number of outlets reporting it. Never by clicks.","કેટલાં માધ્યમોએ આપ્યા તેના આધારે. ક્લિકના આધારે ક્યારેય નહીં.","",""
"home.coveredBy","Covered by {n} outlets","{n} માધ્યમોએ આપ્યા","",""
"home.sourcesLangs","{n} sources · {l} languages","{n} સ્રોત · {l} ભાષાઓ","",""
"home.sourcesLang1","{n} sources · 1 language","{n} સ્રોત · 1 ભાષા","",""
"home.prev","Previous story","અગાઉના સમાચાર","",""
"home.next","Next story","પછીના સમાચાર","",""
"home.justIn","Just in","હમણાં જ","",""
"home.watch","Watch: latest from YouTube","જુઓ: યુટ્યુબ પર તાજા","",""
"home.seeAll","See all","બધું જુઓ","",""
"watch.title","Watch","જુઓ","",""
"watch.intro","The latest videos from the official YouTube channels we follow, newest first. Each opens on YouTube.","અમે અનુસરીએ છીએ તે સત્તાવાર યુટ્યુબ ચેનલોના તાજા વીડિયો, નવા પહેલાં. દરેક યુટ્યુબ પર ખૂલે છે.","",""
"watch.empty","No videos here yet.","અહીં હજી કોઈ વીડિયો નથી.","",""
"watch.versions","All versions","બધાં રૂપ","",""
"search.label","Search headlines","મથાળાં શોધો","",""
"search.placeholder","Search headlines, places, people…","મથાળાં, સ્થળો, લોકો શોધો…","",""
"search.title","Search","શોધો","",""
"search.results","Stories from the last 30 days that mention “{q}”, newest first.","છેલ્લા 30 દિવસના સમાચાર જેમાં “{q}” છે, નવા પહેલાં.","",""
"search.empty","No story in the last 30 days mentions that.","છેલ્લા 30 દિવસના કોઈ સમાચારમાં આ નથી.","",""
"search.hint","Type at least two letters.","ઓછામાં ઓછા બે અક્ષર લખો.","",""
"theme.dark","Switch to dark mode","ડાર્ક મોડ પર જાઓ","",""
"theme.light","Switch to light mode","લાઇટ મોડ પર જાઓ","",""
"install.title","Vuaz on your home screen","તમારી હોમ સ્ક્રીન પર Vuaz","",""
"install.body","Free, no app store. Catch up whenever you like.","મફત, એપ સ્ટોરની જરૂર નથી. જ્યારે ઇચ્છો ત્યારે વાંચો.","",""
"install.button","Install the app","એપ ઇન્સ્ટોલ કરો","",""
"install.ios","On iPhone: tap Share, then “Add to Home Screen”.","આઇફોન પર: Share દબાવો, પછી “Add to Home Screen”.","",""
"feed.refreshed","News last refreshed: {time}","સમાચાર છેલ્લે તાજા થયા: {time}","",""
"feed.hintTopic","Showing {topic} news. Tap another topic above to change.","{topic}ના સમાચાર બતાવીએ છીએ. બદલવા માટે ઉપર બીજો વિષય પસંદ કરો.","",""
"feed.firstVisit","Last 7 days","છેલ્લા 7 દિવસ","",""
"feed.tabInternational","International","આંતરરાષ્ટ્રીય","",""
"feed.tabNational","National","રાષ્ટ્રીય","",""
"feed.tabsLabel","Area","વિસ્તાર","",""
"feed.order","Order","ક્રમ","",""
"feed.orderNote","Order is mechanical and yours to change. We never rank or rate sources.","ક્રમ યાંત્રિક છે અને તમે બદલી શકો છો. અમે સ્ત્રોતોને રેન્ક કે રેટિંગ આપતા નથી.","",""
"feed.sources","{n} sources","{n} સ્ત્રોતો","",""
"feed.source1","1 source so far","અત્યાર સુધી 1 સ્ત્રોત","",""
"feed.reports","{n} reports","{n} અહેવાલો","",""
"feed.new","New","નવું","",""
"feed.empty","No stories here yet for your choices.","તમારી પસંદગીઓ માટે અહીં હજુ કોઈ સમાચાર નથી.","",""
"feed.more","Show more","વધુ બતાવો","",""
"feed.firstBy","First reported by {source}","સૌથી પહેલાં પ્રકાશિત: {source}","",""
"feed.demo","You are looking at sample stories. Connect Supabase (see docs/SETUP.md) to see live news.","તમે નમૂનાના સમાચાર જુઓ છો. લાઇવ સમાચાર માટે Supabase જોડો (docs/SETUP.md જુઓ).","",""
"feed.edit","Change my choices","મારી પસંદગીઓ બદલો","",""
"sort.sources","Most sources first","સૌથી વધુ સ્ત્રોતો પહેલાં","",""
"sort.latest","Latest first","નવીનતમ પહેલાં","",""
"sort.random","Random","યાદૃચ્છિક","",""
"sort.earliest","Earliest first","સૌથી જૂના પહેલાં","",""
"sort.source","Source name A to Z","સ્ત્રોતના નામના ક્રમમાં","",""
"story.back","Back to feed","ફીડ પર પાછા","",""
"story.count","{n} reports from {s} sources","{s} સ્ત્રોતોમાંથી {n} અહેવાલો","",""
"story.follow","Follow this story","આ સમાચાર ફૉલો કરો","",""
"story.following","Following","ફૉલો કરો છો","",""
"story.unfollow","Stop following","ફૉલો બંધ કરો","",""
"story.signInToFollow","Sign in to follow","ફૉલો કરવા સાઇન ઇન કરો","",""
"story.filterType","Kind of source","સ્ત્રોતનો પ્રકાર","",""
"story.filterLanguage","Language","ભાષા","",""
"story.all","All","બધા","",""
"story.sort","Order","ક્રમ","",""
"story.orderNote","We never rank or rate sources. Order is by time unless you change it.","અમે સ્ત્રોતોને રેન્ક કે રેટિંગ આપતા નથી. તમે ન બદલો ત્યાં સુધી ક્રમ સમય પ્રમાણે છે.","",""
"story.read","Read at {source}","{source} પર વાંચો","",""
"story.watch","Watch on {source}","{source} પર જુઓ","",""
"story.ownTranslator","Opens in {language}. To read it in your language, use your phone’s own translator (Google Translate, or Translate in Safari on iPhone).","{language}માં ખૂલશે. તમારી ભાષામાં વાંચવા માટે ફોનનો અનુવાદક વાપરો (Google Translate, અથવા iPhone પર Safariમાં અનુવાદ).","",""
"tr.from","Translated from {language}","{language}માંથી અનુવાદ","",""
"tr.showOriginal","Translated by Google · show the original ({language})","Google અનુવાદ · મૂળ શીર્ષક બતાવો ({language})","",""
"story.pictureBy","Picture: {source}","તસવીર: {source}","",""
"listen.all","Read aloud","મોટેથી વાંચો","",""
"listen.one","Listen","સાંભળો","",""
"listen.stop","Stop","બંધ કરો","",""
"listen.from","From {source}.","{source} તરફથી.","",""
"listen.noVoice","Your phone has no {language} voice installed, so some words may be skipped or mispronounced.","તમારા ફોનમાં {language} અવાજ નથી; કેટલાક શબ્દો છૂટી શકે અથવા ખોટા ઉચ્ચારાઈ શકે.","",""
"story.compare","Compare","સરખામણી","",""
"story.compareN","Compare side by side ({n})","બાજુબાજુમાં સરખાવો ({n})","",""
"story.compareHint","Tick 2 or 3 reports to compare them.","સરખાવવા માટે 2 કે 3 અહેવાલો પસંદ કરો.","",""
"story.compareMax","You can compare up to 3 at a time.","એક સમયે વધુમાં વધુ 3 સરખાવી શકાય.","",""
"story.wire","Same wire text as {n} other listing(s)","બીજી {n} યાદીઓમાં પણ એ જ સમાચાર સંસ્થાનું લખાણ","",""
"story.updated","Headline changed by the source, {time}","સ્ત્રોતે મથાળું બદલ્યું, {time}","",""
"story.moreComing","New versions appear here as more outlets report. Follow the story to see them in your catch-up.","વધુ સંસ્થાઓ અહેવાલ આપશે તેમ નવા રૂપ અહીં દેખાશે. તમારા અપડેટમાં જોવા માટે સમાચાર ફૉલો કરો.","",""
"story.gone","This story is no longer available. Stories are kept for 30 days.","આ સમાચાર હવે ઉપલબ્ધ નથી. સમાચાર 30 દિવસ સુધી રાખવામાં આવે છે.","",""
"story.noneMatch","No reports match these filters.","આ ફિલ્ટર સાથે મેળ ખાતા અહેવાલો નથી.","",""
"story.firstBy","First reported by {source}, {time}","સૌથી પહેલાં પ્રકાશિત: {source}, {time}","",""
"ai.ask","Ask your AI","તમારા AI ને પૂછો","",""
"ai.openWith","Open with","આમાં ખોલો","",""
"ai.note","Opens the assistant you choose with the link only. We add no question or prompt.","તમે પસંદ કરેલો સહાયક ફક્ત લિંક સાથે ખૂલે છે. અમે કોઈ પ્રશ્ન કે પ્રોમ્પ્ટ ઉમેરતા નથી.","",""
"ai.copied","Link copied. Paste it into {name}.","લિંક કૉપિ થઈ. તેને {name} માં પેસ્ટ કરો.","",""
"ai.other","Copy link only","ફક્ત લિંક કૉપિ કરો","",""
"compare.title","Side by side","બાજુબાજુમાં","",""
"compare.intro","As each source published it.","દરેક સ્ત્રોતે પ્રકાશિત કર્યું હતું તેમ.","",""
"compare.headline","Headline","મથાળું","",""
"compare.snippet","Opening text","શરૂઆતનું લખાણ","",""
"compare.original","Read original","મૂળ વાંચો","",""
"compare.askAll","Ask your AI about these","આ વિશે તમારા AI ને પૂછો","",""
"compare.none","Pick 2 or 3 reports on a story page to compare them.","સરખાવવા માટે કોઈ સમાચારના પાના પર 2 કે 3 અહેવાલો પસંદ કરો.","",""
"compare.backToStory","Back to story","સમાચાર પર પાછા","",""
"following.title","Stories you follow","તમે ફૉલો કરો છો તે સમાચાર","",""
"following.newSince","{n} new since you last looked","છેલ્લે જોયા પછી {n} નવા","",""
"following.noNew","No new reports since you last looked","છેલ્લે જોયા પછી કોઈ નવા અહેવાલ નથી","",""
"following.empty","Follow a developing story to see new reports here.","આગળ વધતા કોઈ સમાચારને ફૉલો કરો, નવા અહેવાલો અહીં દેખાશે.","",""
"following.signIn","Sign in to follow stories.","સમાચાર ફૉલો કરવા સાઇન ઇન કરો.","",""
"archive.title","Archive","આર્કાઇવ","",""
"archive.intro","Stories from 8 to 30 days ago. After 30 days they are removed.","8 થી 30 દિવસ જૂના સમાચાર. 30 દિવસ પછી તે દૂર કરવામાં આવે છે.","",""
"archive.search","Search headlines","મથાળાંમાં શોધો","",""
"archive.searchButton","Search","શોધો","",""
"archive.empty","Nothing found.","કંઈ મળ્યું નહીં.","",""
"sources.title","Our sources","અમારા સ્ત્રોતો","",""
"sources.intro","Every outlet we collect from. Choosing sources is itself a choice, so the whole list is public and anyone can suggest more.","જેમાંથી અમે સમાચાર એકત્ર કરીએ છીએ તે દરેક સંસ્થા. સ્ત્રોતો પસંદ કરવા એ પણ એક નિર્ણય છે, તેથી આખી યાદી જાહેર છે અને કોઈ પણ નવા સ્ત્રોત સૂચવી શકે છે.","",""
"sources.policy","A source is included if it publishes news regularly, can be identified, and is not dedicated to hate or harassment. The same rule applies to every source.","નિયમિત સમાચાર પ્રકાશિત કરતો, ઓળખી શકાય એવો અને નફરત કે હેરાનગતિ માટે જ ન હોય એવો સ્ત્રોત સામેલ થાય છે. દરેક સ્ત્રોત માટે આ જ નિયમ.","",""
"sources.count","{n} sources","{n} સ્ત્રોતો","",""
"status.live","Collected","એકત્ર થાય છે","",""
"status.to_check","Being checked","તપાસ ચાલુ","",""
"status.broken","Feed not working","ફીડ કામ કરતું નથી","",""
"status.no_feed","No public feed yet","હજુ કોઈ જાહેર ફીડ નથી","",""
"layer.national","India","ભારત","",""
"layer.state","State","રાજ્ય","",""
"layer.international","International","આંતરરાષ્ટ્રીય","",""
"suggest.title","Suggest a source","સ્ત્રોત સૂચવો","",""
"suggest.name","Outlet or page name","સંસ્થા કે પાનાનું નામ","",""
"suggest.url","Website (optional)","વેબસાઇટ (વૈકલ્પિક)","",""
"suggest.note","Anything we should know (optional)","અમને ખબર હોવી જોઈએ એવું કંઈ (વૈકલ્પિક)","",""
"suggest.send","Send suggestion","સૂચન મોકલો","",""
"suggest.thanks","Thank you. Every suggestion is checked against the published source rule.","આભાર. દરેક સૂચન પ્રકાશિત સ્ત્રોત-નિયમ મુજબ તપાસવામાં આવે છે.","",""
"suggest.signIn","Sign in to suggest a source.","સ્ત્રોત સૂચવવા સાઇન ઇન કરો.","",""
"suggest.error","Could not send. Please check the name and try again.","મોકલી શકાયું નહીં. નામ તપાસીને ફરી પ્રયાસ કરો.","",""
"login.title","Sign in","સાઇન ઇન","",""
"login.intro","Save your choices and follow stories on every device. Reading needs no account.","તમારી પસંદગીઓ સાચવો અને દરેક ઉપકરણ પર સમાચાર ફૉલો કરો. વાંચવા માટે ખાતાની જરૂર નથી.","",""
"login.google","Continue with Google","Google સાથે આગળ વધો","",""
"login.error","Sign-in did not work. Please try again.","સાઇન ઇન થયું નહીં. ફરી પ્રયાસ કરો.","",""
"login.guest","Continue without an account","ખાતા વગર આગળ વધો","",""
"login.notConfigured","Sign-in works once Supabase is connected (see docs/SETUP.md).","Supabase જોડાયા પછી સાઇન ઇન કામ કરશે (docs/SETUP.md જુઓ).","",""
"settings.title","Settings","સેટિંગ્સ","",""
"settings.reading","What you see","તમે શું જુઓ છો","",""
"settings.app","App","ઍપ","",""
"settings.ui","App language","ઍપની ભાષા","",""
"settings.ai","Default AI assistant","ડિફૉલ્ટ AI સહાયક","",""
"settings.account","Account","ખાતું","",""
"settings.signedInAs","Signed in as {email}","{email} તરીકે સાઇન ઇન","",""
"settings.guest","You are not signed in. Your choices are saved on this device only.","તમે સાઇન ઇન નથી. તમારી પસંદગીઓ ફક્ત આ ઉપકરણ પર સચવાય છે.","",""
"settings.signOut","Sign out","સાઇન આઉટ","",""
"settings.delete","Delete my account","મારું ખાતું કાઢી નાખો","",""
"settings.deleteConfirm","This deletes your account, choices and follows for good. Type DELETE to confirm.","આનાથી તમારું ખાતું, પસંદગીઓ અને ફૉલો હંમેશ માટે કાઢી નંખાશે. ખાતરી કરવા DELETE લખો.","",""
"settings.deleteButton","Delete account","ખાતું કાઢી નાખો","",""
"settings.inactive","Accounts unused for 12 months are deleted automatically. The app never sends email.","12 મહિના ઉપયોગ ન થયેલાં ખાતાં આપમેળે કાઢી નાખવામાં આવે છે. એપ ક્યારેય ઇમેઇલ મોકલતી નથી.","",""
"group.newspaper","Newspaper","અખબાર","",""
"group.tv","TV","ટીવી","",""
"group.digital","Digital","ડિજિટલ","",""
"group.community","Community","સમુદાય","",""
"group.government","Government","સરકાર","",""
"group.international","International","આંતરરાષ્ટ્રીય","",""
"group.video","YouTube","યુટ્યુબ","",""
"footer.rule","We never rank, rate or rewrite sources.","અમે ક્યારેય સ્ત્રોતોને રેન્ક, રેટિંગ આપતા નથી કે ફરીથી લખતા નથી.","",""
"footer.about","How it works","આ કેવી રીતે કામ કરે છે","",""
"footer.sources","Our sources","અમારા સ્ત્રોતો","",""
"footer.grievance","Grievances and takedowns","ફરિયાદો અને દૂર કરવાની વિનંતીઓ","",""
"footer.privacy","Privacy","ગોપનીયતા","",""
"footer.terms","Terms","શરતો","",""
"notFound.title","Page not found","પાનું મળ્યું નહીં","",""
"notFound.back","Go to your feed","તમારા ફીડ પર જાઓ","",""
"error.title","Something went wrong","કંઈક ખોટું થયું","",""
"error.retry","Try again","ફરી પ્રયાસ કરો","",""
"common.loading","Loading…","લોડ થાય છે…","",""
"common.close","Close","બંધ કરો","",""
"topic name: politics","Politics","રાજકારણ","",""
"topic name: business","Business","વેપાર","",""
"topic name: tech","Tech","ટેક","",""
"topic name: sports","Sports","રમતગમત","",""
"topic name: farming","Farming","ખેતી","",""
"topic name: education","Education & jobs","શિક્ષણ અને નોકરીઓ","",""
"topic name: health","Health","આરોગ્ય","",""
"topic name: cinema","Cinema","સિનેમા","",""
"topic name: crime","Crime","ગુના","",""
"topic name: auto","Automobile","ઓટોમોબાઇલ","",""
"topic name: lifestyle","Lifestyle","લાઇફસ્ટાઇલ","",""
"topic name: fashion","Fashion","ફેશન","",""
"topic name: food","Food","ખાણીપીણી","",""
"topic name: travel","Travel","પ્રવાસ","",""
"topic name: environment","Environment & weather","પર્યાવરણ અને હવામાન","",""
"topic name: religion","Religion & festivals","ધર્મ અને તહેવારો","",""
"topic name: accidents","Accidents","અકસ્માત","",""
"topic name: space","Space","અવકાશ","",""
"topic name: gaming","Gaming","ગેમિંગ","",""
"state name: tg","Telangana","તેલંગાણા","",""
"state name: ap","Andhra Pradesh","આંધ્ર પ્રદેશ","",""
"state name: ar","Arunachal Pradesh","અરુણાચલ પ્રદેશ","",""
"state name: as","Assam","આસામ","",""
"state name: br","Bihar","બિહાર","",""
"state name: cg","Chhattisgarh","છત્તીસગઢ","",""
"state name: ga","Goa","ગોવા","",""
"state name: gj","Gujarat","ગુજરાત","",""
"state name: hr","Haryana","હરિયાણા","",""
"state name: hp","Himachal Pradesh","હિમાચલ પ્રદેશ","",""
"state name: jh","Jharkhand","ઝારખંડ","",""
"state name: ka","Karnataka","કર્ણાટક","",""
"state name: kl","Kerala","કેરળ","",""
"state name: mp","Madhya Pradesh","મધ્ય પ્રદેશ","",""
"state name: mh","Maharashtra","મહારાષ્ટ્ર","",""
"state name: mn","Manipur","મણિપુર","",""
"state name: ml","Meghalaya","મેઘાલય","",""
"state name: mz","Mizoram","મિઝોરમ","",""
"state name: nl","Nagaland","નાગાલેન્ડ","",""
"state name: od","Odisha","ઓડિશા","",""
"state name: pb","Punjab","પંજાબ","",""
"state name: rj","Rajasthan","રાજસ્થાન","",""
"state name: sk","Sikkim","સિક્કિમ","",""
"state name: tn","Tamil Nadu","તમિલનાડુ","",""
"state name: tr","Tripura","ત્રિપુરા","",""
"state name: up","Uttar Pradesh","ઉત્તર પ્રદેશ","",""
"state name: uk","Uttarakhand","ઉત્તરાખંડ","",""
"state name: wb","West Bengal","પશ્ચિમ બંગાળ","",""
"state name: an","Andaman and Nicobar Islands","આંદામાન અને નિકોબાર ટાપુઓ","",""
"state name: ch","Chandigarh","ચંડીગઢ","",""
"state name: dn","Dadra and Nagar Haveli and Daman and Diu","દાદરા અને નગર હવેલી અને દમણ અને દીવ","",""
"state name: dl","Delhi","દિલ્હી","",""
"state name: jk","Jammu and Kashmir","જમ્મુ અને કાશ્મીર","",""
"state name: la","Ladakh","લદ્દાખ","",""
"state name: ld","Lakshadweep","લક્ષદ્વીપ","",""
"state name: py","Puducherry","પુડુચેરી","",""
