"Where (key)","English","हिन्दी: current draft","Your correction (leave empty if fine)","Notes"
"tagline","Every version of the news, at your time","हर ख़बर के सभी रूप, आपके समय पर","",""
"nav.feed","Feed","फ़ीड","",""
"nav.following","Following","फ़ॉलो","",""
"nav.archive","Archive","संग्रह","",""
"nav.sources","Our sources","हमारे स्रोत","",""
"nav.about","How it works","यह कैसे काम करता है","",""
"nav.signin","Sign in","साइन इन","",""
"nav.settings","Settings","सेटिंग्स","",""
"nav.menu","Main menu","मुख्य मेनू","",""
"welcome.title","Every version of the news, at your time","हर ख़बर के सभी रूप, आपके समय पर","",""
"welcome.intro","Choose your state. International and National news is the same for everyone: every public source, untouched, with a link to each original.","अपना राज्य चुनें। अंतरराष्ट्रीय और राष्ट्रीय ख़बरें सबके लिए एक जैसी हैं: हर सार्वजनिक स्रोत, बिना बदले, हर मूल लेख के लिंक के साथ।","",""
"welcome.signin","Already have an account? Sign in","पहले से खाता है? साइन इन करें","",""
"prefs.topics","Topics","विषय","",""
"prefs.places","Your state","आपका राज्य","",""
"prefs.state","State","राज्य","",""
"prefs.chooseState","Choose your state","अपना राज्य चुनें","",""
"feed.chooseState","Choose your state to see its news. You can change it at any time.","अपने राज्य की ख़बरें देखने के लिए राज्य चुनें। आप इसे कभी भी बदल सकते हैं।","",""
"prefs.statePilot","Every state is treated alike: its own outlets, in its languages and English, plus national outlets’ coverage of it. You can switch state at any time.","हर राज्य के साथ एक जैसा व्यवहार: उसके अपने समाचार स्रोत (उसकी भाषाओं और अंग्रेज़ी में) और राष्ट्रीय स्रोतों में उसकी ख़बरें। आप कभी भी राज्य बदल सकते हैं।","",""
"prefs.hideCrime","Hide crime and accident stories","अपराध और दुर्घटना की ख़बरें छिपाएँ","",""
"prefs.hideCrimeHint","Your choice. We never hide anything on our own.","यह सिर्फ़ आपकी पसंद है। हम अपनी ओर से कुछ नहीं छिपाते।","",""
"prefs.save","Show my news","मेरी ख़बरें दिखाएँ","",""
"prefs.saveSettings","Save","सहेजें","",""
"prefs.saved","Saved","सहेजा गया","",""
"prefs.topicOrder","Order of topic buttons","विषय बटनों का क्रम","",""
"prefs.topicOrderHint","Put the topics you check most first. This only moves the buttons on your feed: all news still shows.","जो विषय आप सबसे ज़्यादा देखते हैं, उन्हें पहले रखें। इससे फ़ीड पर सिर्फ़ बटन आगे-पीछे होते हैं: सभी ख़बरें दिखती रहती हैं।","",""
"prefs.moveUp","Move {topic} up","{topic} ऊपर करें","",""
"prefs.moveDown","Move {topic} down","{topic} नीचे करें","",""
"prefs.resetOrder","Reset to the standard order","सामान्य क्रम पर लौटें","",""
"feed.arrange","Arrange","क्रम बदलें","",""
"feed.arrangeHint","Drag the topics into the order you like (or use the arrow keys), then Save. This only moves the buttons: all news still shows.","विषयों को खींचकर अपने पसंद के क्रम में रखें (या तीर वाली कुंजियाँ इस्तेमाल करें), फिर सेव करें। इससे सिर्फ़ बटन हिलते हैं: सभी ख़बरें दिखती रहती हैं।","",""
"feed.title","Your news","आपकी ख़बरें","",""
"feed.since","Since your last visit, {time}","आपकी पिछली विज़िट {time} के बाद से","",""
"weather.pageTitle","Weather in every state","हर राज्य का मौसम","",""
"weather.note","At each state's and union territory's capital, not your location. Refreshed every 30 minutes.","हर राज्य और केंद्रशासित प्रदेश की राजधानी का, आपकी जगह का नहीं। हर 30 मिनट में ताज़ा।","",""
"weather.range","{low}°–{high}° in the next 24 h","अगले 24 घंटे में {low}°–{high}°","",""
"weather.allStates","All states","सभी राज्य","",""
"weather.credit","Weather data: MET Norway, converted to words and rounded","मौसम डेटा: MET Norway, शब्दों में बदला और पूर्णांकित","",""
"weather.updated","Forecast made {time}","पूर्वानुमान: {time}","",""
"weather.unavailable","Not available right now","अभी उपलब्ध नहीं","",""
"sky.clear","Clear","साफ़","",""
"sky.partly","Partly cloudy","आंशिक बादल","",""
"sky.cloudy","Cloudy","बादल","",""
"sky.fog","Fog","कोहरा","",""
"sky.rain","Rain","बारिश","",""
"sky.heavyRain","Heavy rain","भारी बारिश","",""
"sky.thunder","Thunderstorm","आंधी-तूफ़ान","",""
"sky.snow","Snow","बर्फ़","",""
"intro.title","How Vuaz works","Vuaz कैसे काम करता है","",""
"intro.one","Each story brings together every outlet's report on it: newspapers, TV and websites, in many languages.","हर ख़बर में उस पर हर मीडिया संस्थान की रिपोर्ट एक जगह मिलती है: अख़बार, टीवी और वेबसाइटें, कई भाषाओं में।","",""
"intro.two","Open a story to see how each outlet headlined it, and compare them side by side.","किसी ख़बर को खोलकर देखें कि हर संस्थान ने उसे क्या शीर्षक दिया, और उन्हें साथ-साथ मिलाएँ।","",""
"intro.three","We never rank, rate, summarise or rewrite the news. Every report links to the original.","हम ख़बरों को न रैंक करते हैं, न रेटिंग देते हैं, न सारांश लिखते हैं, न बदलते हैं। हर रिपोर्ट मूल से जुड़ी है।","",""
"card.versions","See all versions","सभी रूप देखें","",""
"story.headlined","How they headlined it","किसने क्या शीर्षक दिया","",""
"story.headlinedNote","The first report in each language, then the earliest from other outlets, in their own words. Every report is listed below.","हर भाषा की पहली रिपोर्ट, फिर दूसरे संस्थानों की सबसे पहली, उन्हीं के शब्दों में। सभी रिपोर्टें नीचे हैं।","",""
"feed.nothingNew","Nothing new since your last visit","आपकी पिछली विज़िट के बाद कुछ नया नहीं","",""
"kind.opinion","Opinion","राय","",""
"kind.editorial","Editorial","संपादकीय","",""
"kind.analysis","Analysis","विश्लेषण","",""
"feed.morningName","Good morning, {name}","सुप्रभात, {name}","",""
"feed.afternoonName","Good afternoon, {name}","नमस्कार, {name}","",""
"feed.eveningName","Good evening, {name}","शुभ संध्या, {name}","",""
"feed.welcomeName","Welcome, {name}","स्वागत है, {name}","",""
"feed.welcomeBackName","Welcome back, {name}","फिर से स्वागत है, {name}","",""
"name.title","What should we call you?","हम आपको किस नाम से बुलाएँ?","",""
"name.intro","We greet you by this name. Only you and our team see it.","हम आपको इसी नाम से अभिवादन करेंगे। इसे केवल आप और हमारी टीम देखती है।","",""
"name.label","Your name","आपका नाम","",""
"name.note","Up to 40 letters. You can change it in Settings.","40 अक्षरों तक। आप इसे सेटिंग में बदल सकते हैं।","",""
"name.empty","Please write a name.","कृपया एक नाम लिखें।","",""
"name.saved","Name saved.","नाम सहेजा गया।","",""
"name.continue","Continue","आगे बढ़ें","",""
"name.save","Save name","नाम सहेजें","",""
"settings.restricted","Your account is restricted. You can still read all the news, but following stories, saving settings and suggesting sources are turned off.","आपके खाते पर रोक है। आप सारी ख़बरें पढ़ सकते हैं, लेकिन ख़बरों को फ़ॉलो करना, सेटिंग सहेजना और स्रोत सुझाना बंद है।","",""
"nav.watch","Watch","देखें","",""
"feed.morning","Good morning","सुप्रभात","",""
"feed.afternoon","Good afternoon","नमस्कार","",""
"feed.evening","Good evening","शुभ संध्या","",""
"feed.tagline","Every version of the news, side by side. The same for every reader.","ख़बर का हर रूप, साथ-साथ। हर पाठक के लिए एक जैसा।","",""
"home.mostCovered","Most covered today","आज सबसे ज़्यादा कवर हुई ख़बरें","",""
"home.mostCoveredNote","By number of outlets reporting it. Never by clicks.","रिपोर्ट करने वाले संस्थानों की संख्या से। क्लिक से कभी नहीं।","",""
"home.coveredBy","Covered by {n} outlets","{n} संस्थानों ने रिपोर्ट किया","",""
"home.sourcesLangs","{n} sources · {l} languages","{n} स्रोत · {l} भाषाएँ","",""
"home.sourcesLang1","{n} sources · 1 language","{n} स्रोत · 1 भाषा","",""
"home.prev","Previous story","पिछली ख़बर","",""
"home.next","Next story","अगली ख़बर","",""
"home.justIn","Just in","अभी-अभी","",""
"home.watch","Watch: latest from YouTube","देखें: यूट्यूब से ताज़ा","",""
"home.seeAll","See all","सभी देखें","",""
"watch.title","Watch","देखें","",""
"watch.intro","The latest videos from the official YouTube channels we follow, newest first. Each opens on YouTube.","हम जिन आधिकारिक यूट्यूब चैनलों को फ़ॉलो करते हैं, उनके ताज़ा वीडियो, नए पहले। हर वीडियो यूट्यूब पर खुलता है।","",""
"watch.empty","No videos here yet.","यहाँ अभी कोई वीडियो नहीं।","",""
"watch.versions","All versions","सभी रूप","",""
"search.label","Search headlines","शीर्षक खोजें","",""
"search.placeholder","Search headlines, places, people…","शीर्षक, जगहें, लोग खोजें…","",""
"search.title","Search","खोजें","",""
"search.results","Stories from the last 30 days that mention “{q}”, newest first.","पिछले 30 दिनों की ख़बरें जिनमें “{q}” है, नई पहले।","",""
"search.empty","No story in the last 30 days mentions that.","पिछले 30 दिनों की किसी ख़बर में यह नहीं है।","",""
"search.hint","Type at least two letters.","कम से कम दो अक्षर लिखें।","",""
"theme.dark","Switch to dark mode","डार्क मोड चालू करें","",""
"theme.light","Switch to light mode","लाइट मोड चालू करें","",""
"install.title","Vuaz on your home screen","अपनी होम स्क्रीन पर Vuaz","",""
"install.body","Free, no app store. Catch up whenever you like.","मुफ़्त, ऐप स्टोर की ज़रूरत नहीं। जब चाहें पढ़ें।","",""
"install.button","Install the app","ऐप इंस्टॉल करें","",""
"install.ios","On iPhone: tap Share, then “Add to Home Screen”.","आईफ़ोन पर: Share दबाएँ, फिर “Add to Home Screen”।","",""
"feed.refreshed","News last refreshed: {time}","ख़बरें आख़िरी बार ताज़ा हुईं: {time}","",""
"feed.hintTopic","Showing {topic} news. Tap another topic above to change.","{topic} की ख़बरें दिख रही हैं। बदलने के लिए ऊपर कोई दूसरा विषय चुनें।","",""
"feed.firstVisit","Last 7 days","पिछले 7 दिन","",""
"feed.tabInternational","International","अंतरराष्ट्रीय","",""
"feed.tabNational","National","राष्ट्रीय","",""
"feed.tabsLabel","Area","क्षेत्र","",""
"feed.order","Order","क्रम","",""
"feed.orderNote","Order is mechanical and yours to change. We never rank or rate sources.","क्रम यांत्रिक है और आप इसे बदल सकते हैं। हम स्रोतों को रैंक या रेट नहीं करते।","",""
"feed.sources","{n} sources","{n} स्रोत","",""
"feed.source1","1 source so far","अब तक 1 स्रोत","",""
"feed.reports","{n} reports","{n} रिपोर्ट","",""
"feed.new","New","नया","",""
"feed.empty","No stories here yet for your choices.","आपकी पसंद के लिए यहाँ अभी कोई ख़बर नहीं है।","",""
"feed.more","Show more","और दिखाएँ","",""
"feed.firstBy","First reported by {source}","सबसे पहले प्रकाशित: {source}","",""
"feed.demo","You are looking at sample stories. Connect Supabase (see docs/SETUP.md) to see live news.","आप नमूना ख़बरें देख रहे हैं। लाइव ख़बरों के लिए Supabase जोड़ें (docs/SETUP.md देखें)।","",""
"feed.edit","Change my choices","मेरी पसंद बदलें","",""
"sort.sources","Most sources first","सबसे ज़्यादा स्रोत पहले","",""
"sort.latest","Latest first","नवीनतम पहले","",""
"sort.random","Random","यादृच्छिक","",""
"sort.earliest","Earliest first","सबसे पुराने पहले","",""
"sort.source","Source name A to Z","स्रोत का नाम क्रम से","",""
"story.back","Back to feed","फ़ीड पर वापस","",""
"story.count","{n} reports from {s} sources","{s} स्रोतों से {n} रिपोर्ट","",""
"story.follow","Follow this story","इस ख़बर को फ़ॉलो करें","",""
"story.following","Following","फ़ॉलो कर रहे हैं","",""
"story.unfollow","Stop following","फ़ॉलो करना बंद करें","",""
"story.signInToFollow","Sign in to follow","फ़ॉलो करने के लिए साइन इन करें","",""
"story.filterType","Kind of source","स्रोत का प्रकार","",""
"story.filterLanguage","Language","भाषा","",""
"story.all","All","सभी","",""
"story.sort","Order","क्रम","",""
"story.orderNote","We never rank or rate sources. Order is by time unless you change it.","हम स्रोतों को रैंक या रेट नहीं करते। जब तक आप न बदलें, क्रम समय के अनुसार है।","",""
"story.read","Read at {source}","{source} पर पढ़ें","",""
"story.watch","Watch on {source}","{source} पर देखें","",""
"story.ownTranslator","Opens in {language}. To read it in your language, use your phone’s own translator (Google Translate, or Translate in Safari on iPhone).","{language} में खुलेगा। अपनी भाषा में पढ़ने के लिए फ़ोन का अनुवादक इस्तेमाल करें (Google Translate, या iPhone पर Safari में अनुवाद)।","",""
"tr.from","Translated from {language}","{language} से अनुवाद","",""
"tr.showOriginal","Translated by Google · show the original ({language})","Google अनुवाद · मूल शीर्षक देखें ({language})","",""
"story.pictureBy","Picture: {source}","तस्वीर: {source}","",""
"listen.all","Read aloud","पढ़कर सुनाएँ","",""
"listen.one","Listen","सुनें","",""
"listen.stop","Stop","रोकें","",""
"listen.from","From {source}.","{source} से।","",""
"listen.noVoice","Your phone has no {language} voice installed, so some words may be skipped or mispronounced.","आपके फ़ोन में {language} की आवाज़ नहीं है; कुछ शब्द छूट सकते हैं या गलत बोले जा सकते हैं।","",""
"story.compare","Compare","तुलना","",""
"story.compareN","Compare side by side ({n})","साथ-साथ तुलना करें ({n})","",""
"story.compareHint","Tick 2 or 3 reports to compare them.","तुलना के लिए 2 या 3 रिपोर्ट चुनें।","",""
"story.compareMax","You can compare up to 3 at a time.","एक बार में अधिकतम 3 की तुलना कर सकते हैं।","",""
"story.wire","Same wire text as {n} other listing(s)","{n} अन्य लिस्टिंग में भी यही एजेंसी पाठ","",""
"story.updated","Headline changed by the source, {time}","स्रोत ने शीर्षक बदला, {time}","",""
"story.moreComing","New versions appear here as more outlets report. Follow the story to see them in your catch-up.","जैसे-जैसे और संस्थान रिपोर्ट करेंगे, नए रूप यहाँ दिखेंगे। अपने अपडेट में देखने के लिए ख़बर फ़ॉलो करें।","",""
"story.gone","This story is no longer available. Stories are kept for 30 days.","यह ख़बर अब उपलब्ध नहीं है। ख़बरें 30 दिन तक रखी जाती हैं।","",""
"story.noneMatch","No reports match these filters.","इन फ़िल्टरों से कोई रिपोर्ट मेल नहीं खाती।","",""
"story.firstBy","First reported by {source}, {time}","सबसे पहले प्रकाशित: {source}, {time}","",""
"ai.ask","Ask your AI","अपने AI से पूछें","",""
"ai.openWith","Open with","इससे खोलें","",""
"ai.note","Opens the assistant you choose with the link only. We add no question or prompt.","आपका चुना हुआ असिस्टेंट सिर्फ़ लिंक के साथ खुलता है। हम कोई सवाल या प्रॉम्प्ट नहीं जोड़ते।","",""
"ai.copied","Link copied. Paste it into {name}.","लिंक कॉपी हो गया। इसे {name} में पेस्ट करें।","",""
"ai.other","Copy link only","सिर्फ़ लिंक कॉपी करें","",""
"compare.title","Side by side","साथ-साथ","",""
"compare.intro","As each source published it.","जैसा हर स्रोत ने प्रकाशित किया।","",""
"compare.headline","Headline","शीर्षक","",""
"compare.snippet","Opening text","शुरुआती पाठ","",""
"compare.original","Read original","मूल लेख पढ़ें","",""
"compare.askAll","Ask your AI about these","इनके बारे में अपने AI से पूछें","",""
"compare.none","Pick 2 or 3 reports on a story page to compare them.","तुलना के लिए किसी ख़बर के पेज पर 2 या 3 रिपोर्ट चुनें।","",""
"compare.backToStory","Back to story","ख़बर पर वापस","",""
"following.title","Stories you follow","आप जिन ख़बरों को फ़ॉलो करते हैं","",""
"following.newSince","{n} new since you last looked","पिछली बार देखने के बाद {n} नई","",""
"following.noNew","No new reports since you last looked","पिछली बार देखने के बाद कोई नई रिपोर्ट नहीं","",""
"following.empty","Follow a developing story to see new reports here.","आगे बढ़ती किसी ख़बर को फ़ॉलो करें, नई रिपोर्ट यहाँ दिखेंगी।","",""
"following.signIn","Sign in to follow stories.","ख़बरें फ़ॉलो करने के लिए साइन इन करें।","",""
"archive.title","Archive","संग्रह","",""
"archive.intro","Stories from 8 to 30 days ago. After 30 days they are removed.","8 से 30 दिन पुरानी ख़बरें। 30 दिन बाद इन्हें हटा दिया जाता है।","",""
"archive.search","Search headlines","शीर्षकों में खोजें","",""
"archive.searchButton","Search","खोजें","",""
"archive.empty","Nothing found.","कुछ नहीं मिला।","",""
"sources.title","Our sources","हमारे स्रोत","",""
"sources.intro","Every outlet we collect from. Choosing sources is itself a choice, so the whole list is public and anyone can suggest more.","हर वह संस्थान जिससे हम ख़बरें लेते हैं। स्रोत चुनना भी एक फ़ैसला है, इसलिए पूरी सूची सार्वजनिक है और कोई भी नए स्रोत सुझा सकता है।","",""
"sources.policy","A source is included if it publishes news regularly, can be identified, and is not dedicated to hate or harassment. The same rule applies to every source.","वह स्रोत शामिल होता है जो नियमित रूप से ख़बरें प्रकाशित करे, पहचाना जा सके और नफ़रत या उत्पीड़न के लिए समर्पित न हो। हर स्रोत पर यही नियम लागू है।","",""
"sources.count","{n} sources","{n} स्रोत","",""
"status.live","Collected","संग्रह हो रहा है","",""
"status.to_check","Being checked","जाँच जारी","",""
"status.broken","Feed not working","फ़ीड काम नहीं कर रहा","",""
"status.no_feed","No public feed yet","अभी कोई सार्वजनिक फ़ीड नहीं","",""
"layer.national","India","भारत","",""
"layer.state","State","राज्य","",""
"layer.international","International","अंतरराष्ट्रीय","",""
"suggest.title","Suggest a source","स्रोत सुझाएँ","",""
"suggest.name","Outlet or page name","संस्थान या पेज का नाम","",""
"suggest.url","Website (optional)","वेबसाइट (वैकल्पिक)","",""
"suggest.note","Anything we should know (optional)","कुछ और जो हमें जानना चाहिए (वैकल्पिक)","",""
"suggest.send","Send suggestion","सुझाव भेजें","",""
"suggest.thanks","Thank you. Every suggestion is checked against the published source rule.","धन्यवाद। हर सुझाव को प्रकाशित स्रोत-नियम के अनुसार जाँचा जाता है।","",""
"suggest.signIn","Sign in to suggest a source.","स्रोत सुझाने के लिए साइन इन करें।","",""
"suggest.error","Could not send. Please check the name and try again.","भेजा नहीं जा सका। नाम जाँचकर फिर से कोशिश करें।","",""
"login.title","Sign in","साइन इन","",""
"login.intro","Save your choices and follow stories on every device. Reading needs no account.","अपनी पसंद सहेजें और हर डिवाइस पर ख़बरें फ़ॉलो करें। पढ़ने के लिए खाते की ज़रूरत नहीं।","",""
"login.google","Continue with Google","Google के साथ जारी रखें","",""
"login.error","Sign-in did not work. Please try again.","साइन इन नहीं हो सका। फिर से कोशिश करें।","",""
"login.guest","Continue without an account","बिना खाते के जारी रखें","",""
"login.notConfigured","Sign-in works once Supabase is connected (see docs/SETUP.md).","Supabase जुड़ने के बाद साइन इन काम करेगा (docs/SETUP.md देखें)।","",""
"settings.title","Settings","सेटिंग्स","",""
"settings.reading","What you see","आप क्या देखते हैं","",""
"settings.app","App","ऐप","",""
"settings.ui","App language","ऐप की भाषा","",""
"settings.ai","Default AI assistant","डिफ़ॉल्ट AI असिस्टेंट","",""
"settings.account","Account","खाता","",""
"settings.signedInAs","Signed in as {email}","{email} के रूप में साइन इन","",""
"settings.guest","You are not signed in. Your choices are saved on this device only.","आप साइन इन नहीं हैं। आपकी पसंद सिर्फ़ इसी डिवाइस पर सहेजी जाती है।","",""
"settings.signOut","Sign out","साइन आउट","",""
"settings.delete","Delete my account","मेरा खाता हटाएँ","",""
"settings.deleteConfirm","This deletes your account, choices and follows for good. Type DELETE to confirm.","इससे आपका खाता, पसंद और फ़ॉलो हमेशा के लिए हट जाएँगे। पुष्टि के लिए DELETE टाइप करें।","",""
"settings.deleteButton","Delete account","खाता हटाएँ","",""
"settings.inactive","Accounts unused for 12 months are deleted automatically. The app never sends email.","12 महीने तक इस्तेमाल न होने वाले खाते अपने-आप हटा दिए जाते हैं। ऐप कभी ईमेल नहीं भेजता।","",""
"group.newspaper","Newspaper","अख़बार","",""
"group.tv","TV","टीवी","",""
"group.digital","Digital","डिजिटल","",""
"group.community","Community","समुदाय","",""
"group.government","Government","सरकार","",""
"group.international","International","अंतरराष्ट्रीय","",""
"group.video","YouTube","यूट्यूब","",""
"footer.rule","We never rank, rate or rewrite sources.","हम स्रोतों को कभी रैंक, रेट या दोबारा नहीं लिखते।","",""
"footer.about","How it works","यह कैसे काम करता है","",""
"footer.sources","Our sources","हमारे स्रोत","",""
"footer.grievance","Grievances and takedowns","शिकायतें और हटाने के अनुरोध","",""
"footer.privacy","Privacy","गोपनीयता","",""
"footer.terms","Terms","शर्तें","",""
"notFound.title","Page not found","पेज नहीं मिला","",""
"notFound.back","Go to your feed","अपनी फ़ीड पर जाएँ","",""
"error.title","Something went wrong","कुछ गड़बड़ हो गई","",""
"error.retry","Try again","फिर से कोशिश करें","",""
"common.loading","Loading…","लोड हो रहा है…","",""
"common.close","Close","बंद करें","",""
"topic name: politics","Politics","राजनीति","",""
"topic name: business","Business","व्यापार","",""
"topic name: tech","Tech","टेक","",""
"topic name: sports","Sports","खेल","",""
"topic name: farming","Farming","खेती","",""
"topic name: education","Education & jobs","शिक्षा और नौकरियाँ","",""
"topic name: health","Health","स्वास्थ्य","",""
"topic name: cinema","Cinema","सिनेमा","",""
"topic name: crime","Crime","अपराध","",""
"topic name: auto","Automobile","ऑटोमोबाइल","",""
"topic name: lifestyle","Lifestyle","लाइफ़स्टाइल","",""
"topic name: fashion","Fashion","फ़ैशन","",""
"topic name: food","Food","खान-पान","",""
"topic name: travel","Travel","यात्रा","",""
"topic name: environment","Environment & weather","पर्यावरण और मौसम","",""
"topic name: religion","Religion & festivals","धर्म और त्योहार","",""
"topic name: accidents","Accidents","दुर्घटनाएँ","",""
"topic name: space","Space","अंतरिक्ष","",""
"topic name: gaming","Gaming","गेमिंग","",""
"state name: tg","Telangana","तेलंगाना","",""
"state name: ap","Andhra Pradesh","आंध्र प्रदेश","",""
"state name: ar","Arunachal Pradesh","अरुणाचल प्रदेश","",""
"state name: as","Assam","असम","",""
"state name: br","Bihar","बिहार","",""
"state name: cg","Chhattisgarh","छत्तीसगढ़","",""
"state name: ga","Goa","गोवा","",""
"state name: gj","Gujarat","गुजरात","",""
"state name: hr","Haryana","हरियाणा","",""
"state name: hp","Himachal Pradesh","हिमाचल प्रदेश","",""
"state name: jh","Jharkhand","झारखंड","",""
"state name: ka","Karnataka","कर्नाटक","",""
"state name: kl","Kerala","केरल","",""
"state name: mp","Madhya Pradesh","मध्य प्रदेश","",""
"state name: mh","Maharashtra","महाराष्ट्र","",""
"state name: mn","Manipur","मणिपुर","",""
"state name: ml","Meghalaya","मेघालय","",""
"state name: mz","Mizoram","मिज़ोरम","",""
"state name: nl","Nagaland","नागालैंड","",""
"state name: od","Odisha","ओडिशा","",""
"state name: pb","Punjab","पंजाब","",""
"state name: rj","Rajasthan","राजस्थान","",""
"state name: sk","Sikkim","सिक्किम","",""
"state name: tn","Tamil Nadu","तमिलनाडु","",""
"state name: tr","Tripura","त्रिपुरा","",""
"state name: up","Uttar Pradesh","उत्तर प्रदेश","",""
"state name: uk","Uttarakhand","उत्तराखंड","",""
"state name: wb","West Bengal","पश्चिम बंगाल","",""
"state name: an","Andaman and Nicobar Islands","अंडमान और निकोबार द्वीपसमूह","",""
"state name: ch","Chandigarh","चंडीगढ़","",""
"state name: dn","Dadra and Nagar Haveli and Daman and Diu","दादरा और नगर हवेली और दमन और दीव","",""
"state name: dl","Delhi","दिल्ली","",""
"state name: jk","Jammu and Kashmir","जम्मू और कश्मीर","",""
"state name: la","Ladakh","लद्दाख","",""
"state name: ld","Lakshadweep","लक्षद्वीप","",""
"state name: py","Puducherry","पुडुचेरी","",""
