"Where (key)","English","ಕನ್ನಡ: current draft","Your correction (leave empty if fine)","Notes"
"tagline","Every version of the news, at your time","ಪ್ರತಿ ಸುದ್ದಿಯ ಎಲ್ಲಾ ರೂಪಗಳು, ನಿಮ್ಮ ಸಮಯದಲ್ಲಿ","",""
"nav.feed","Feed","ಫೀಡ್","",""
"nav.following","Following","ಫಾಲೋ","",""
"nav.archive","Archive","ಆರ್ಕೈವ್","",""
"nav.sources","Our sources","ನಮ್ಮ ಮೂಲಗಳು","",""
"nav.about","How it works","ಇದು ಹೇಗೆ ಕೆಲಸ ಮಾಡುತ್ತದೆ","",""
"nav.signin","Sign in","ಸೈನ್ ಇನ್","",""
"nav.settings","Settings","ಸೆಟ್ಟಿಂಗ್‌ಗಳು","",""
"nav.menu","Main menu","ಮುಖ್ಯ ಮೆನು","",""
"welcome.title","Every version of the news, at your time","ಪ್ರತಿ ಸುದ್ದಿಯ ಎಲ್ಲಾ ರೂಪಗಳು, ನಿಮ್ಮ ಸಮಯದಲ್ಲಿ","",""
"welcome.intro","Choose your state. International and National news is the same for everyone: every public source, untouched, with a link to each original.","ನಿಮ್ಮ ರಾಜ್ಯವನ್ನು ಆಯ್ಕೆಮಾಡಿ. ಅಂತರರಾಷ್ಟ್ರೀಯ ಮತ್ತು ರಾಷ್ಟ್ರೀಯ ಸುದ್ದಿ ಎಲ್ಲರಿಗೂ ಒಂದೇ: ಪ್ರತಿಯೊಂದು ಸಾರ್ವಜನಿಕ ಮೂಲ, ಬದಲಾಯಿಸದೆ, ಪ್ರತಿ ಮೂಲ ಲೇಖನದ ಲಿಂಕ್‌ನೊಂದಿಗೆ.","",""
"welcome.signin","Already have an account? Sign in","ಈಗಾಗಲೇ ಖಾತೆ ಇದೆಯೇ? ಸೈನ್ ಇನ್ ಮಾಡಿ","",""
"prefs.topics","Topics","ವಿಷಯಗಳು","",""
"prefs.places","Your state","ನಿಮ್ಮ ರಾಜ್ಯ","",""
"prefs.state","State","ರಾಜ್ಯ","",""
"prefs.chooseState","Choose your state","ನಿಮ್ಮ ರಾಜ್ಯವನ್ನು ಆಯ್ಕೆಮಾಡಿ","",""
"feed.chooseState","Choose your state to see its news. You can change it at any time.","ನಿಮ್ಮ ರಾಜ್ಯದ ಸುದ್ದಿ ನೋಡಲು ರಾಜ್ಯವನ್ನು ಆಯ್ಕೆಮಾಡಿ. ಯಾವಾಗ ಬೇಕಾದರೂ ಬದಲಿಸಬಹುದು.","",""
"prefs.statePilot","Every state is treated alike: its own outlets, in its languages and English, plus national outlets’ coverage of it. You can switch state at any time.","ಪ್ರತಿ ರಾಜ್ಯಕ್ಕೂ ಒಂದೇ ರೀತಿ: ಅದರ ಸ್ವಂತ ಸುದ್ದಿ ಮಾಧ್ಯಮಗಳು (ಅದರ ಭಾಷೆಗಳಲ್ಲಿ ಮತ್ತು ಇಂಗ್ಲಿಷ್‌ನಲ್ಲಿ) ಮತ್ತು ರಾಷ್ಟ್ರೀಯ ಮಾಧ್ಯಮಗಳು ಅದರ ಬಗ್ಗೆ ಪ್ರಕಟಿಸಿದವು. ಯಾವಾಗ ಬೇಕಾದರೂ ರಾಜ್ಯ ಬದಲಿಸಬಹುದು.","",""
"prefs.hideCrime","Hide crime and accident stories","ಅಪರಾಧ ಮತ್ತು ಅಪಘಾತ ಸುದ್ದಿಗಳನ್ನು ಮರೆಮಾಡಿ","",""
"prefs.hideCrimeHint","Your choice. We never hide anything on our own.","ಇದು ನಿಮ್ಮ ಆಯ್ಕೆ ಮಾತ್ರ. ನಾವಾಗಿ ಏನನ್ನೂ ಮರೆಮಾಡುವುದಿಲ್ಲ.","",""
"prefs.save","Show my news","ನನ್ನ ಸುದ್ದಿ ತೋರಿಸಿ","",""
"prefs.saveSettings","Save","ಉಳಿಸಿ","",""
"prefs.saved","Saved","ಉಳಿಸಲಾಗಿದೆ","",""
"prefs.topicOrder","Order of topic buttons","ವಿಷಯ ಬಟನ್‌ಗಳ ಕ್ರಮ","",""
"prefs.topicOrderHint","Put the topics you check most first. This only moves the buttons on your feed: all news still shows.","ನೀವು ಹೆಚ್ಚು ನೋಡುವ ವಿಷಯಗಳನ್ನು ಮೊದಲು ಇರಿಸಿ. ಇದು ಫೀಡ್‌ನಲ್ಲಿ ಬಟನ್‌ಗಳನ್ನು ಮಾತ್ರ ಸರಿಸುತ್ತದೆ: ಎಲ್ಲಾ ಸುದ್ದಿಗಳು ಕಾಣಿಸುತ್ತಲೇ ಇರುತ್ತವೆ.","",""
"prefs.moveUp","Move {topic} up","{topic} ಮೇಲೆ ಸರಿಸಿ","",""
"prefs.moveDown","Move {topic} down","{topic} ಕೆಳಗೆ ಸರಿಸಿ","",""
"prefs.resetOrder","Reset to the standard order","ಸಾಮಾನ್ಯ ಕ್ರಮಕ್ಕೆ ಮರಳಿ","",""
"feed.arrange","Arrange","ಕ್ರಮಗೊಳಿಸಿ","",""
"feed.arrangeHint","Drag the topics into the order you like (or use the arrow keys), then Save. This only moves the buttons: all news still shows.","ವಿಷಯಗಳನ್ನು ಎಳೆದು ನಿಮಗೆ ಬೇಕಾದ ಕ್ರಮದಲ್ಲಿ ಇರಿಸಿ (ಅಥವಾ ಬಾಣದ ಕೀಲಿಗಳನ್ನು ಬಳಸಿ), ನಂತರ ಉಳಿಸಿ. ಇದು ಬಟನ್‌ಗಳನ್ನು ಮಾತ್ರ ಸರಿಸುತ್ತದೆ: ಎಲ್ಲಾ ಸುದ್ದಿಗಳು ಕಾಣಿಸುತ್ತವೆ.","",""
"feed.title","Your news","ನಿಮ್ಮ ಸುದ್ದಿ","",""
"feed.since","Since your last visit, {time}","ನಿಮ್ಮ ಕೊನೆಯ ಭೇಟಿ {time} ರಿಂದ","",""
"weather.pageTitle","Weather in every state","ಪ್ರತಿ ರಾಜ್ಯದ ಹವಾಮಾನ","",""
"weather.note","At each state's and union territory's capital, not your location. Refreshed every 30 minutes.","ಪ್ರತಿ ರಾಜ್ಯ ಮತ್ತು ಕೇಂದ್ರಾಡಳಿತ ಪ್ರದೇಶದ ರಾಜಧಾನಿಯದು, ನಿಮ್ಮ ಸ್ಥಳದ್ದಲ್ಲ. ಪ್ರತಿ 30 ನಿಮಿಷಕ್ಕೆ ಹೊಸದು.","",""
"weather.range","{low}°–{high}° in the next 24 h","ಮುಂದಿನ 24 ಗಂಟೆಗಳಲ್ಲಿ {low}°–{high}°","",""
"weather.allStates","All states","ಎಲ್ಲ ರಾಜ್ಯಗಳು","",""
"weather.credit","Weather data: MET Norway, converted to words and rounded","ಹವಾಮಾನ ಮಾಹಿತಿ: MET Norway, ಪದಗಳಿಗೆ ಬದಲಿಸಿ ಪೂರ್ಣಾಂಕಗೊಳಿಸಲಾಗಿದೆ","",""
"weather.updated","Forecast made {time}","ಮುನ್ಸೂಚನೆ: {time}","",""
"weather.unavailable","Not available right now","ಈಗ ಲಭ್ಯವಿಲ್ಲ","",""
"sky.clear","Clear","ಸ್ವಚ್ಛ","",""
"sky.partly","Partly cloudy","ಭಾಗಶಃ ಮೋಡ","",""
"sky.cloudy","Cloudy","ಮೋಡ ಕವಿದ","",""
"sky.fog","Fog","ಮಂಜು","",""
"sky.rain","Rain","ಮಳೆ","",""
"sky.heavyRain","Heavy rain","ಭಾರೀ ಮಳೆ","",""
"sky.thunder","Thunderstorm","ಗುಡುಗು ಸಹಿತ ಮಳೆ","",""
"sky.snow","Snow","ಹಿಮ","",""
"intro.title","How Vuaz works","Vuaz ಹೇಗೆ ಕೆಲಸ ಮಾಡುತ್ತದೆ","",""
"intro.one","Each story brings together every outlet's report on it: newspapers, TV and websites, in many languages.","ಪ್ರತಿ ಸುದ್ದಿಯಲ್ಲಿ ಅದರ ಬಗ್ಗೆ ಪ್ರತಿ ಮಾಧ್ಯಮದ ವರದಿ ಒಂದೇ ಕಡೆ: ಪತ್ರಿಕೆಗಳು, ಟಿವಿ, ವೆಬ್‌ಸೈಟ್‌ಗಳು, ಹಲವು ಭಾಷೆಗಳಲ್ಲಿ.","",""
"intro.two","Open a story to see how each outlet headlined it, and compare them side by side.","ಸುದ್ದಿಯನ್ನು ತೆರೆದು ಪ್ರತಿ ಮಾಧ್ಯಮ ಯಾವ ಶೀರ್ಷಿಕೆ ಕೊಟ್ಟಿದೆ ನೋಡಿ, ಅಕ್ಕಪಕ್ಕದಲ್ಲಿ ಹೋಲಿಸಿ.","",""
"intro.three","We never rank, rate, summarise or rewrite the news. Every report links to the original.","ನಾವು ಸುದ್ದಿಗಳಿಗೆ ಶ್ರೇಣಿ, ರೇಟಿಂಗ್ ನೀಡುವುದಿಲ್ಲ; ಸಾರಾಂಶ ಬರೆಯುವುದಿಲ್ಲ, ಬದಲಿಸುವುದಿಲ್ಲ. ಪ್ರತಿ ವರದಿ ಮೂಲಕ್ಕೆ ಲಿಂಕ್ ಆಗಿದೆ.","",""
"card.versions","See all versions","ಎಲ್ಲ ರೂಪಗಳನ್ನು ನೋಡಿ","",""
"story.headlined","How they headlined it","ಯಾರು ಯಾವ ಶೀರ್ಷಿಕೆ ಕೊಟ್ಟರು","",""
"story.headlinedNote","The first report in each language, then the earliest from other outlets, in their own words. Every report is listed below.","ಪ್ರತಿ ಭಾಷೆಯ ಮೊದಲ ವರದಿ, ನಂತರ ಇತರ ಮಾಧ್ಯಮಗಳ ಮೊದಲ ವರದಿ, ಅವರದೇ ಮಾತುಗಳಲ್ಲಿ. ಎಲ್ಲ ವರದಿಗಳು ಕೆಳಗಿವೆ.","",""
"feed.nothingNew","Nothing new since your last visit","ನಿಮ್ಮ ಕೊನೆಯ ಭೇಟಿಯ ನಂತರ ಹೊಸದೇನೂ ಇಲ್ಲ","",""
"kind.opinion","Opinion","ಅಭಿಪ್ರಾಯ","",""
"kind.editorial","Editorial","ಸಂಪಾದಕೀಯ","",""
"kind.analysis","Analysis","ವಿಶ್ಲೇಷಣೆ","",""
"feed.morningName","Good morning, {name}","ಶುಭೋದಯ, {name}","",""
"feed.afternoonName","Good afternoon, {name}","ಶುಭ ಮಧ್ಯಾಹ್ನ, {name}","",""
"feed.eveningName","Good evening, {name}","ಶುಭ ಸಂಜೆ, {name}","",""
"feed.welcomeName","Welcome, {name}","ಸ್ವಾಗತ, {name}","",""
"feed.welcomeBackName","Welcome back, {name}","ಮತ್ತೆ ಸ್ವಾಗತ, {name}","",""
"name.title","What should we call you?","ನಿಮ್ಮನ್ನು ಏನೆಂದು ಕರೆಯಲಿ?","",""
"name.intro","We greet you by this name. Only you and our team see it.","ಈ ಹೆಸರಿನಿಂದ ನಿಮ್ಮನ್ನು ಸ್ವಾಗತಿಸುತ್ತೇವೆ. ಇದನ್ನು ನೀವು ಮತ್ತು ನಮ್ಮ ತಂಡ ಮಾತ್ರ ನೋಡುತ್ತದೆ.","",""
"name.label","Your name","ನಿಮ್ಮ ಹೆಸರು","",""
"name.note","Up to 40 letters. You can change it in Settings.","40 ಅಕ್ಷರಗಳವರೆಗೆ. ಸೆಟ್ಟಿಂಗ್‌ಗಳಲ್ಲಿ ಬದಲಾಯಿಸಬಹುದು.","",""
"name.empty","Please write a name.","ದಯವಿಟ್ಟು ಒಂದು ಹೆಸರು ಬರೆಯಿರಿ.","",""
"name.saved","Name saved.","ಹೆಸರು ಉಳಿಸಲಾಗಿದೆ.","",""
"name.continue","Continue","ಮುಂದುವರಿಸಿ","",""
"name.save","Save name","ಹೆಸರು ಉಳಿಸಿ","",""
"settings.restricted","Your account is restricted. You can still read all the news, but following stories, saving settings and suggesting sources are turned off.","ನಿಮ್ಮ ಖಾತೆಯನ್ನು ನಿರ್ಬಂಧಿಸಲಾಗಿದೆ. ನೀವು ಎಲ್ಲ ಸುದ್ದಿಗಳನ್ನು ಓದಬಹುದು, ಆದರೆ ಸುದ್ದಿಗಳನ್ನು ಫಾಲೋ ಮಾಡುವುದು, ಸೆಟ್ಟಿಂಗ್‌ಗಳನ್ನು ಉಳಿಸುವುದು ಮತ್ತು ಮೂಲಗಳನ್ನು ಸೂಚಿಸುವುದನ್ನು ನಿಲ್ಲಿಸಲಾಗಿದೆ.","",""
"nav.watch","Watch","ನೋಡಿ","",""
"feed.morning","Good morning","ಶುಭೋದಯ","",""
"feed.afternoon","Good afternoon","ಶುಭ ಮಧ್ಯಾಹ್ನ","",""
"feed.evening","Good evening","ಶುಭ ಸಂಜೆ","",""
"feed.tagline","Every version of the news, side by side. The same for every reader.","ಸುದ್ದಿಯ ಪ್ರತಿ ರೂಪ, ಅಕ್ಕಪಕ್ಕದಲ್ಲಿ. ಪ್ರತಿ ಓದುಗರಿಗೂ ಒಂದೇ.","",""
"home.mostCovered","Most covered today","ಇಂದು ಹೆಚ್ಚು ಪ್ರಕಟವಾದ ಸುದ್ದಿಗಳು","",""
"home.mostCoveredNote","By number of outlets reporting it. Never by clicks.","ಪ್ರಕಟಿಸಿದ ಮಾಧ್ಯಮಗಳ ಸಂಖ್ಯೆಯಿಂದ. ಕ್ಲಿಕ್‌ಗಳಿಂದ ಎಂದಿಗೂ ಅಲ್ಲ.","",""
"home.coveredBy","Covered by {n} outlets","{n} ಮಾಧ್ಯಮಗಳು ಪ್ರಕಟಿಸಿವೆ","",""
"home.sourcesLangs","{n} sources · {l} languages","{n} ಮೂಲಗಳು · {l} ಭಾಷೆಗಳು","",""
"home.sourcesLang1","{n} sources · 1 language","{n} ಮೂಲಗಳು · 1 ಭಾಷೆ","",""
"home.prev","Previous story","ಹಿಂದಿನ ಸುದ್ದಿ","",""
"home.next","Next story","ಮುಂದಿನ ಸುದ್ದಿ","",""
"home.justIn","Just in","ಈಗಷ್ಟೇ ಬಂದವು","",""
"home.watch","Watch: latest from YouTube","ನೋಡಿ: ಯೂಟ್ಯೂಬ್‌ನಲ್ಲಿ ಹೊಸದು","",""
"home.seeAll","See all","ಎಲ್ಲಾ ನೋಡಿ","",""
"watch.title","Watch","ನೋಡಿ","",""
"watch.intro","The latest videos from the official YouTube channels we follow, newest first. Each opens on YouTube.","ನಾವು ಅನುಸರಿಸುವ ಅಧಿಕೃತ ಯೂಟ್ಯೂಬ್ ಚಾನೆಲ್‌ಗಳ ಹೊಸ ವೀಡಿಯೊಗಳು, ಹೊಸದು ಮೊದಲು. ಪ್ರತಿಯೊಂದೂ ಯೂಟ್ಯೂಬ್‌ನಲ್ಲಿ ತೆರೆಯುತ್ತದೆ.","",""
"watch.empty","No videos here yet.","ಇಲ್ಲಿ ಇನ್ನೂ ವೀಡಿಯೊಗಳಿಲ್ಲ.","",""
"watch.versions","All versions","ಎಲ್ಲಾ ರೂಪಗಳು","",""
"search.label","Search headlines","ಶೀರ್ಷಿಕೆಗಳನ್ನು ಹುಡುಕಿ","",""
"search.placeholder","Search headlines, places, people…","ಶೀರ್ಷಿಕೆ, ಸ್ಥಳ, ವ್ಯಕ್ತಿಗಳನ್ನು ಹುಡುಕಿ…","",""
"search.title","Search","ಹುಡುಕಿ","",""
"search.results","Stories from the last 30 days that mention “{q}”, newest first.","“{q}” ಇರುವ ಕಳೆದ 30 ದಿನಗಳ ಸುದ್ದಿಗಳು, ಹೊಸದು ಮೊದಲು.","",""
"search.empty","No story in the last 30 days mentions that.","ಕಳೆದ 30 ದಿನಗಳ ಯಾವ ಸುದ್ದಿಯಲ್ಲೂ ಇದು ಇಲ್ಲ.","",""
"search.hint","Type at least two letters.","ಕನಿಷ್ಠ ಎರಡು ಅಕ್ಷರಗಳನ್ನು ಟೈಪ್ ಮಾಡಿ.","",""
"theme.dark","Switch to dark mode","ಡಾರ್ಕ್ ಮೋಡ್‌ಗೆ ಬದಲಿಸಿ","",""
"theme.light","Switch to light mode","ಲೈಟ್ ಮೋಡ್‌ಗೆ ಬದಲಿಸಿ","",""
"install.title","Vuaz on your home screen","ನಿಮ್ಮ ಹೋಮ್ ಸ್ಕ್ರೀನ್‌ನಲ್ಲಿ Vuaz","",""
"install.body","Free, no app store. Catch up whenever you like.","ಉಚಿತ, ಆಪ್ ಸ್ಟೋರ್ ಬೇಡ. ಬೇಕಾದಾಗ ಓದಿ.","",""
"install.button","Install the app","ಆಪ್ ಇನ್‌ಸ್ಟಾಲ್ ಮಾಡಿ","",""
"install.ios","On iPhone: tap Share, then “Add to Home Screen”.","ಐಫೋನ್‌ನಲ್ಲಿ: Share ಒತ್ತಿ, ನಂತರ “Add to Home Screen”.","",""
"feed.refreshed","News last refreshed: {time}","ಸುದ್ದಿ ಕೊನೆಯದಾಗಿ ನವೀಕರಿಸಿದ್ದು: {time}","",""
"feed.hintTopic","Showing {topic} news. Tap another topic above to change.","{topic} ಸುದ್ದಿ ತೋರಿಸಲಾಗುತ್ತಿದೆ. ಬದಲಿಸಲು ಮೇಲೆ ಬೇರೆ ವಿಷಯವನ್ನು ಒತ್ತಿ.","",""
"feed.firstVisit","Last 7 days","ಕಳೆದ 7 ದಿನಗಳು","",""
"feed.tabInternational","International","ಅಂತರರಾಷ್ಟ್ರೀಯ","",""
"feed.tabNational","National","ರಾಷ್ಟ್ರೀಯ","",""
"feed.tabsLabel","Area","ಪ್ರದೇಶ","",""
"feed.order","Order","ಕ್ರಮ","",""
"feed.orderNote","Order is mechanical and yours to change. We never rank or rate sources.","ಕ್ರಮ ಯಾಂತ್ರಿಕ, ನೀವು ಬದಲಾಯಿಸಬಹುದು. ನಾವು ಮೂಲಗಳಿಗೆ ಶ್ರೇಣಿ ಅಥವಾ ರೇಟಿಂಗ್ ನೀಡುವುದಿಲ್ಲ.","",""
"feed.sources","{n} sources","{n} ಮೂಲಗಳು","",""
"feed.source1","1 source so far","ಇದುವರೆಗೆ 1 ಮೂಲ","",""
"feed.reports","{n} reports","{n} ವರದಿಗಳು","",""
"feed.new","New","ಹೊಸದು","",""
"feed.empty","No stories here yet for your choices.","ನಿಮ್ಮ ಆಯ್ಕೆಗಳಿಗೆ ಇಲ್ಲಿ ಇನ್ನೂ ಸುದ್ದಿಗಳಿಲ್ಲ.","",""
"feed.more","Show more","ಇನ್ನಷ್ಟು ತೋರಿಸಿ","",""
"feed.firstBy","First reported by {source}","ಮೊದಲು ಪ್ರಕಟಿಸಿದ್ದು: {source}","",""
"feed.demo","You are looking at sample stories. Connect Supabase (see docs/SETUP.md) to see live news.","ನೀವು ಮಾದರಿ ಸುದ್ದಿಗಳನ್ನು ನೋಡುತ್ತಿದ್ದೀರಿ. ನೇರ ಸುದ್ದಿಗಾಗಿ Supabase ಸಂಪರ್ಕಿಸಿ (docs/SETUP.md ನೋಡಿ).","",""
"feed.edit","Change my choices","ನನ್ನ ಆಯ್ಕೆಗಳನ್ನು ಬದಲಿಸಿ","",""
"sort.sources","Most sources first","ಹೆಚ್ಚು ಮೂಲಗಳು ಮೊದಲು","",""
"sort.latest","Latest first","ಇತ್ತೀಚಿನವು ಮೊದಲು","",""
"sort.random","Random","ಯಾದೃಚ್ಛಿಕ","",""
"sort.earliest","Earliest first","ಹಳೆಯವು ಮೊದಲು","",""
"sort.source","Source name A to Z","ಮೂಲದ ಹೆಸರಿನ ಕ್ರಮದಲ್ಲಿ","",""
"story.back","Back to feed","ಫೀಡ್‌ಗೆ ಹಿಂತಿರುಗಿ","",""
"story.count","{n} reports from {s} sources","{s} ಮೂಲಗಳಿಂದ {n} ವರದಿಗಳು","",""
"story.follow","Follow this story","ಈ ಸುದ್ದಿಯನ್ನು ಫಾಲೋ ಮಾಡಿ","",""
"story.following","Following","ಫಾಲೋ ಮಾಡುತ್ತಿದ್ದೀರಿ","",""
"story.unfollow","Stop following","ಫಾಲೋ ನಿಲ್ಲಿಸಿ","",""
"story.signInToFollow","Sign in to follow","ಫಾಲೋ ಮಾಡಲು ಸೈನ್ ಇನ್ ಮಾಡಿ","",""
"story.filterType","Kind of source","ಮೂಲದ ಪ್ರಕಾರ","",""
"story.filterLanguage","Language","ಭಾಷೆ","",""
"story.all","All","ಎಲ್ಲಾ","",""
"story.sort","Order","ಕ್ರಮ","",""
"story.orderNote","We never rank or rate sources. Order is by time unless you change it.","ನಾವು ಮೂಲಗಳಿಗೆ ಶ್ರೇಣಿ ಅಥವಾ ರೇಟಿಂಗ್ ನೀಡುವುದಿಲ್ಲ. ನೀವು ಬದಲಾಯಿಸದಿದ್ದರೆ ಸಮಯದ ಕ್ರಮ.","",""
"story.read","Read at {source}","{source} ನಲ್ಲಿ ಓದಿ","",""
"story.watch","Watch on {source}","{source} ನಲ್ಲಿ ನೋಡಿ","",""
"story.ownTranslator","Opens in {language}. To read it in your language, use your phone’s own translator (Google Translate, or Translate in Safari on iPhone).","{language} ಭಾಷೆಯಲ್ಲಿ ತೆರೆಯುತ್ತದೆ. ನಿಮ್ಮ ಭಾಷೆಯಲ್ಲಿ ಓದಲು ನಿಮ್ಮ ಫೋನ್‌ನ ಅನುವಾದಕವನ್ನು ಬಳಸಿ (Google Translate, ಅಥವಾ iPhoneನಲ್ಲಿ Safari ಅನುವಾದ).","",""
"tr.from","Translated from {language}","{language} ಭಾಷೆಯಿಂದ ಅನುವಾದ","",""
"tr.showOriginal","Translated by Google · show the original ({language})","Google ಅನುವಾದ · ಮೂಲ ಶೀರ್ಷಿಕೆ ತೋರಿಸಿ ({language})","",""
"story.pictureBy","Picture: {source}","ಚಿತ್ರ: {source}","",""
"listen.all","Read aloud","ಓದಿ ಕೇಳಿಸಿ","",""
"listen.one","Listen","ಕೇಳಿ","",""
"listen.stop","Stop","ನಿಲ್ಲಿಸಿ","",""
"listen.from","From {source}.","{source} ನಿಂದ.","",""
"listen.noVoice","Your phone has no {language} voice installed, so some words may be skipped or mispronounced.","ನಿಮ್ಮ ಫೋನ್‌ನಲ್ಲಿ {language} ಧ್ವನಿ ಇಲ್ಲ; ಕೆಲವು ಪದಗಳು ಬಿಟ್ಟುಹೋಗಬಹುದು ಅಥವಾ ತಪ್ಪಾಗಿ ಉಚ್ಚರಿಸಬಹುದು.","",""
"story.compare","Compare","ಹೋಲಿಸಿ","",""
"story.compareN","Compare side by side ({n})","ಪಕ್ಕಪಕ್ಕದಲ್ಲಿ ಹೋಲಿಸಿ ({n})","",""
"story.compareHint","Tick 2 or 3 reports to compare them.","ಹೋಲಿಸಲು 2 ಅಥವಾ 3 ವರದಿಗಳನ್ನು ಆರಿಸಿ.","",""
"story.compareMax","You can compare up to 3 at a time.","ಒಮ್ಮೆಗೆ ಗರಿಷ್ಠ 3 ಹೋಲಿಸಬಹುದು.","",""
"story.wire","Same wire text as {n} other listing(s)","ಇನ್ನೂ {n} ಪಟ್ಟಿಗಳಲ್ಲಿ ಅದೇ ಸುದ್ದಿಸಂಸ್ಥೆ ಪಠ್ಯ","",""
"story.updated","Headline changed by the source, {time}","ಮೂಲ ಶೀರ್ಷಿಕೆ ಬದಲಿಸಿದೆ, {time}","",""
"story.moreComing","New versions appear here as more outlets report. Follow the story to see them in your catch-up.","ಹೆಚ್ಚಿನ ಸಂಸ್ಥೆಗಳು ವರದಿ ಮಾಡಿದಂತೆ ಹೊಸ ರೂಪಗಳು ಇಲ್ಲಿ ಕಾಣಿಸುತ್ತವೆ. ನಿಮ್ಮ ಅಪ್‌ಡೇಟ್‌ನಲ್ಲಿ ನೋಡಲು ಸುದ್ದಿಯನ್ನು ಫಾಲೋ ಮಾಡಿ.","",""
"story.gone","This story is no longer available. Stories are kept for 30 days.","ಈ ಸುದ್ದಿ ಈಗ ಲಭ್ಯವಿಲ್ಲ. ಸುದ್ದಿಗಳನ್ನು 30 ದಿನಗಳವರೆಗೆ ಇಡಲಾಗುತ್ತದೆ.","",""
"story.noneMatch","No reports match these filters.","ಈ ಫಿಲ್ಟರ್‌ಗಳಿಗೆ ಹೊಂದುವ ವರದಿಗಳಿಲ್ಲ.","",""
"story.firstBy","First reported by {source}, {time}","ಮೊದಲು ಪ್ರಕಟಿಸಿದ್ದು: {source}, {time}","",""
"ai.ask","Ask your AI","ನಿಮ್ಮ AI ಅನ್ನು ಕೇಳಿ","",""
"ai.openWith","Open with","ಇದರಲ್ಲಿ ತೆರೆಯಿರಿ","",""
"ai.note","Opens the assistant you choose with the link only. We add no question or prompt.","ನೀವು ಆರಿಸುವ ಸಹಾಯಕದಲ್ಲಿ ಲಿಂಕ್ ಮಾತ್ರ ತೆರೆಯುತ್ತೇವೆ. ಯಾವುದೇ ಪ್ರಶ್ನೆ ಅಥವಾ ಪ್ರಾಂಪ್ಟ್ ಸೇರಿಸುವುದಿಲ್ಲ.","",""
"ai.copied","Link copied. Paste it into {name}.","ಲಿಂಕ್ ನಕಲಾಗಿದೆ. {name} ನಲ್ಲಿ ಅಂಟಿಸಿ.","",""
"ai.other","Copy link only","ಲಿಂಕ್ ಮಾತ್ರ ನಕಲಿಸಿ","",""
"compare.title","Side by side","ಪಕ್ಕಪಕ್ಕದಲ್ಲಿ","",""
"compare.intro","As each source published it.","ಪ್ರತಿ ಮೂಲ ಪ್ರಕಟಿಸಿದಂತೆಯೇ.","",""
"compare.headline","Headline","ಶೀರ್ಷಿಕೆ","",""
"compare.snippet","Opening text","ಆರಂಭದ ಪಠ್ಯ","",""
"compare.original","Read original","ಮೂಲ ಓದಿ","",""
"compare.askAll","Ask your AI about these","ಇವುಗಳ ಬಗ್ಗೆ ನಿಮ್ಮ AI ಅನ್ನು ಕೇಳಿ","",""
"compare.none","Pick 2 or 3 reports on a story page to compare them.","ಹೋಲಿಸಲು ಸುದ್ದಿ ಪುಟದಲ್ಲಿ 2 ಅಥವಾ 3 ವರದಿಗಳನ್ನು ಆರಿಸಿ.","",""
"compare.backToStory","Back to story","ಸುದ್ದಿಗೆ ಹಿಂತಿರುಗಿ","",""
"following.title","Stories you follow","ನೀವು ಫಾಲೋ ಮಾಡುವ ಸುದ್ದಿಗಳು","",""
"following.newSince","{n} new since you last looked","ಕೊನೆಯ ಬಾರಿ ನೋಡಿದ ನಂತರ {n} ಹೊಸವು","",""
"following.noNew","No new reports since you last looked","ಕೊನೆಯ ಬಾರಿ ನೋಡಿದ ನಂತರ ಹೊಸ ವರದಿಗಳಿಲ್ಲ","",""
"following.empty","Follow a developing story to see new reports here.","ಮುಂದುವರಿಯುತ್ತಿರುವ ಸುದ್ದಿಯನ್ನು ಫಾಲೋ ಮಾಡಿದರೆ ಹೊಸ ವರದಿಗಳು ಇಲ್ಲಿ ಕಾಣಿಸುತ್ತವೆ.","",""
"following.signIn","Sign in to follow stories.","ಸುದ್ದಿಗಳನ್ನು ಫಾಲೋ ಮಾಡಲು ಸೈನ್ ಇನ್ ಮಾಡಿ.","",""
"archive.title","Archive","ಆರ್ಕೈವ್","",""
"archive.intro","Stories from 8 to 30 days ago. After 30 days they are removed.","8 ರಿಂದ 30 ದಿನಗಳ ಹಿಂದಿನ ಸುದ್ದಿಗಳು. 30 ದಿನಗಳ ನಂತರ ಅಳಿಸಲಾಗುತ್ತದೆ.","",""
"archive.search","Search headlines","ಶೀರ್ಷಿಕೆಗಳಲ್ಲಿ ಹುಡುಕಿ","",""
"archive.searchButton","Search","ಹುಡುಕಿ","",""
"archive.empty","Nothing found.","ಏನೂ ಸಿಗಲಿಲ್ಲ.","",""
"sources.title","Our sources","ನಮ್ಮ ಮೂಲಗಳು","",""
"sources.intro","Every outlet we collect from. Choosing sources is itself a choice, so the whole list is public and anyone can suggest more.","ನಾವು ಸುದ್ದಿ ಸಂಗ್ರಹಿಸುವ ಪ್ರತಿ ಸಂಸ್ಥೆ. ಮೂಲಗಳ ಆಯ್ಕೆಯೂ ಒಂದು ನಿರ್ಧಾರವೇ, ಹಾಗಾಗಿ ಪೂರ್ಣ ಪಟ್ಟಿ ಸಾರ್ವಜನಿಕ; ಯಾರು ಬೇಕಾದರೂ ಹೊಸವನ್ನು ಸೂಚಿಸಬಹುದು.","",""
"sources.policy","A source is included if it publishes news regularly, can be identified, and is not dedicated to hate or harassment. The same rule applies to every source.","ನಿಯಮಿತವಾಗಿ ಸುದ್ದಿ ಪ್ರಕಟಿಸುವ, ಗುರುತಿಸಬಹುದಾದ, ದ್ವೇಷ ಅಥವಾ ಕಿರುಕುಳಕ್ಕೇ ಮೀಸಲಾಗದ ಮೂಲವನ್ನು ಸೇರಿಸುತ್ತೇವೆ. ಪ್ರತಿ ಮೂಲಕ್ಕೂ ಇದೇ ನಿಯಮ.","",""
"sources.count","{n} sources","{n} ಮೂಲಗಳು","",""
"status.live","Collected","ಸಂಗ್ರಹಿಸಲಾಗುತ್ತಿದೆ","",""
"status.to_check","Being checked","ಪರಿಶೀಲನೆಯಲ್ಲಿದೆ","",""
"status.broken","Feed not working","ಫೀಡ್ ಕೆಲಸ ಮಾಡುತ್ತಿಲ್ಲ","",""
"status.no_feed","No public feed yet","ಇನ್ನೂ ಸಾರ್ವಜನಿಕ ಫೀಡ್ ಇಲ್ಲ","",""
"layer.national","India","ಭಾರತ","",""
"layer.state","State","ರಾಜ್ಯ","",""
"layer.international","International","ಅಂತರರಾಷ್ಟ್ರೀಯ","",""
"suggest.title","Suggest a source","ಒಂದು ಮೂಲವನ್ನು ಸೂಚಿಸಿ","",""
"suggest.name","Outlet or page name","ಸಂಸ್ಥೆ ಅಥವಾ ಪುಟದ ಹೆಸರು","",""
"suggest.url","Website (optional)","ವೆಬ್‌ಸೈಟ್ (ಐಚ್ಛಿಕ)","",""
"suggest.note","Anything we should know (optional)","ನಮಗೆ ತಿಳಿಯಬೇಕಾದದ್ದು (ಐಚ್ಛಿಕ)","",""
"suggest.send","Send suggestion","ಸೂಚನೆ ಕಳುಹಿಸಿ","",""
"suggest.thanks","Thank you. Every suggestion is checked against the published source rule.","ಧನ್ಯವಾದಗಳು. ಪ್ರತಿ ಸೂಚನೆಯನ್ನು ಪ್ರಕಟಿತ ಮೂಲ-ನಿಯಮದ ಪ್ರಕಾರ ಪರಿಶೀಲಿಸಲಾಗುತ್ತದೆ.","",""
"suggest.signIn","Sign in to suggest a source.","ಮೂಲವನ್ನು ಸೂಚಿಸಲು ಸೈನ್ ಇನ್ ಮಾಡಿ.","",""
"suggest.error","Could not send. Please check the name and try again.","ಕಳುಹಿಸಲಾಗಲಿಲ್ಲ. ಹೆಸರನ್ನು ಪರಿಶೀಲಿಸಿ ಮತ್ತೆ ಪ್ರಯತ್ನಿಸಿ.","",""
"login.title","Sign in","ಸೈನ್ ಇನ್","",""
"login.intro","Save your choices and follow stories on every device. Reading needs no account.","ನಿಮ್ಮ ಆಯ್ಕೆಗಳನ್ನು ಉಳಿಸಿ ಮತ್ತು ಎಲ್ಲಾ ಸಾಧನಗಳಲ್ಲಿ ಸುದ್ದಿಗಳನ್ನು ಫಾಲೋ ಮಾಡಿ. ಓದಲು ಖಾತೆ ಬೇಕಿಲ್ಲ.","",""
"login.google","Continue with Google","Google ಮೂಲಕ ಮುಂದುವರಿಯಿರಿ","",""
"login.error","Sign-in did not work. Please try again.","ಸೈನ್ ಇನ್ ಆಗಲಿಲ್ಲ. ಮತ್ತೆ ಪ್ರಯತ್ನಿಸಿ.","",""
"login.guest","Continue without an account","ಖಾತೆ ಇಲ್ಲದೆ ಮುಂದುವರಿಯಿರಿ","",""
"login.notConfigured","Sign-in works once Supabase is connected (see docs/SETUP.md).","Supabase ಸಂಪರ್ಕಿಸಿದ ನಂತರ ಸೈನ್ ಇನ್ ಕೆಲಸ ಮಾಡುತ್ತದೆ (docs/SETUP.md ನೋಡಿ).","",""
"settings.title","Settings","ಸೆಟ್ಟಿಂಗ್‌ಗಳು","",""
"settings.reading","What you see","ನೀವು ನೋಡುವುದು","",""
"settings.app","App","ಆ್ಯಪ್","",""
"settings.ui","App language","ಆ್ಯಪ್ ಭಾಷೆ","",""
"settings.ai","Default AI assistant","ಪೂರ್ವನಿಯೋಜಿತ AI ಸಹಾಯಕ","",""
"settings.account","Account","ಖಾತೆ","",""
"settings.signedInAs","Signed in as {email}","{email} ಆಗಿ ಸೈನ್ ಇನ್ ಆಗಿದ್ದೀರಿ","",""
"settings.guest","You are not signed in. Your choices are saved on this device only.","ನೀವು ಸೈನ್ ಇನ್ ಆಗಿಲ್ಲ. ನಿಮ್ಮ ಆಯ್ಕೆಗಳು ಈ ಸಾಧನದಲ್ಲಿ ಮಾತ್ರ ಉಳಿಯುತ್ತವೆ.","",""
"settings.signOut","Sign out","ಸೈನ್ ಔಟ್","",""
"settings.delete","Delete my account","ನನ್ನ ಖಾತೆ ಅಳಿಸಿ","",""
"settings.deleteConfirm","This deletes your account, choices and follows for good. Type DELETE to confirm.","ಇದು ನಿಮ್ಮ ಖಾತೆ, ಆಯ್ಕೆಗಳು, ಫಾಲೋಗಳನ್ನು ಶಾಶ್ವತವಾಗಿ ಅಳಿಸುತ್ತದೆ. ಖಚಿತಪಡಿಸಲು DELETE ಎಂದು ಟೈಪ್ ಮಾಡಿ.","",""
"settings.deleteButton","Delete account","ಖಾತೆ ಅಳಿಸಿ","",""
"settings.inactive","Accounts unused for 12 months are deleted automatically. The app never sends email.","12 ತಿಂಗಳು ಬಳಸದ ಖಾತೆಗಳು ಸ್ವಯಂಚಾಲಿತವಾಗಿ ಅಳಿಸಲ್ಪಡುತ್ತವೆ. ಆ್ಯಪ್ ಎಂದಿಗೂ ಇಮೇಲ್ ಕಳುಹಿಸುವುದಿಲ್ಲ.","",""
"group.newspaper","Newspaper","ಪತ್ರಿಕೆ","",""
"group.tv","TV","ಟಿವಿ","",""
"group.digital","Digital","ಡಿಜಿಟಲ್","",""
"group.community","Community","ಸಮುದಾಯ","",""
"group.government","Government","ಸರ್ಕಾರ","",""
"group.international","International","ಅಂತರರಾಷ್ಟ್ರೀಯ","",""
"group.video","YouTube","ಯೂಟ್ಯೂಬ್","",""
"footer.rule","We never rank, rate or rewrite sources.","ನಾವು ಮೂಲಗಳಿಗೆ ಶ್ರೇಣಿ, ರೇಟಿಂಗ್ ನೀಡುವುದಿಲ್ಲ, ಅವುಗಳನ್ನು ಬದಲಿಸಿ ಬರೆಯುವುದಿಲ್ಲ.","",""
"footer.about","How it works","ಇದು ಹೇಗೆ ಕೆಲಸ ಮಾಡುತ್ತದೆ","",""
"footer.sources","Our sources","ನಮ್ಮ ಮೂಲಗಳು","",""
"footer.grievance","Grievances and takedowns","ದೂರುಗಳು ಮತ್ತು ತೆಗೆದುಹಾಕುವ ವಿನಂತಿಗಳು","",""
"footer.privacy","Privacy","ಗೌಪ್ಯತೆ","",""
"footer.terms","Terms","ನಿಯಮಗಳು","",""
"notFound.title","Page not found","ಪುಟ ಸಿಗಲಿಲ್ಲ","",""
"notFound.back","Go to your feed","ನಿಮ್ಮ ಫೀಡ್‌ಗೆ ಹೋಗಿ","",""
"error.title","Something went wrong","ಏನೋ ತಪ್ಪಾಗಿದೆ","",""
"error.retry","Try again","ಮತ್ತೆ ಪ್ರಯತ್ನಿಸಿ","",""
"common.loading","Loading…","ಲೋಡ್ ಆಗುತ್ತಿದೆ…","",""
"common.close","Close","ಮುಚ್ಚಿ","",""
"topic name: politics","Politics","ರಾಜಕೀಯ","",""
"topic name: business","Business","ವ್ಯಾಪಾರ","",""
"topic name: tech","Tech","ತಂತ್ರಜ್ಞಾನ","",""
"topic name: sports","Sports","ಕ್ರೀಡೆ","",""
"topic name: farming","Farming","ಕೃಷಿ","",""
"topic name: education","Education & jobs","ಶಿಕ್ಷಣ ಮತ್ತು ಉದ್ಯೋಗ","",""
"topic name: health","Health","ಆರೋಗ್ಯ","",""
"topic name: cinema","Cinema","ಸಿನಿಮಾ","",""
"topic name: crime","Crime","ಅಪರಾಧ","",""
"topic name: auto","Automobile","ವಾಹನ","",""
"topic name: lifestyle","Lifestyle","ಜೀವನಶೈಲಿ","",""
"topic name: fashion","Fashion","ಫ್ಯಾಷನ್","",""
"topic name: food","Food","ಆಹಾರ","",""
"topic name: travel","Travel","ಪ್ರವಾಸ","",""
"topic name: environment","Environment & weather","ಪರಿಸರ ಮತ್ತು ಹವಾಮಾನ","",""
"topic name: religion","Religion & festivals","ಧರ್ಮ ಮತ್ತು ಹಬ್ಬಗಳು","",""
"topic name: accidents","Accidents","ಅಪಘಾತಗಳು","",""
"topic name: space","Space","ಬಾಹ್ಯಾಕಾಶ","",""
"topic name: gaming","Gaming","ಗೇಮಿಂಗ್","",""
"state name: tg","Telangana","ತೆಲಂಗಾಣ","",""
"state name: ap","Andhra Pradesh","ಆಂಧ್ರ ಪ್ರದೇಶ","",""
"state name: ar","Arunachal Pradesh","ಅರುಣಾಚಲ ಪ್ರದೇಶ","",""
"state name: as","Assam","ಅಸ್ಸಾಂ","",""
"state name: br","Bihar","ಬಿಹಾರ","",""
"state name: cg","Chhattisgarh","ಛತ್ತೀಸ್‌ಗಢ","",""
"state name: ga","Goa","ಗೋವಾ","",""
"state name: gj","Gujarat","ಗುಜರಾತ್","",""
"state name: hr","Haryana","ಹರಿಯಾಣ","",""
"state name: hp","Himachal Pradesh","ಹಿಮಾಚಲ ಪ್ರದೇಶ","",""
"state name: jh","Jharkhand","ಜಾರ್ಖಂಡ್","",""
"state name: ka","Karnataka","ಕರ್ನಾಟಕ","",""
"state name: kl","Kerala","ಕೇರಳ","",""
"state name: mp","Madhya Pradesh","ಮಧ್ಯ ಪ್ರದೇಶ","",""
"state name: mh","Maharashtra","ಮಹಾರಾಷ್ಟ್ರ","",""
"state name: mn","Manipur","ಮಣಿಪುರ","",""
"state name: ml","Meghalaya","ಮೇಘಾಲಯ","",""
"state name: mz","Mizoram","ಮಿಜೋರಾಂ","",""
"state name: nl","Nagaland","ನಾಗಾಲ್ಯಾಂಡ್","",""
"state name: od","Odisha","ಒಡಿಶಾ","",""
"state name: pb","Punjab","ಪಂಜಾಬ್","",""
"state name: rj","Rajasthan","ರಾಜಸ್ಥಾನ","",""
"state name: sk","Sikkim","ಸಿಕ್ಕಿಂ","",""
"state name: tn","Tamil Nadu","ತಮಿಳುನಾಡು","",""
"state name: tr","Tripura","ತ್ರಿಪುರಾ","",""
"state name: up","Uttar Pradesh","ಉತ್ತರ ಪ್ರದೇಶ","",""
"state name: uk","Uttarakhand","ಉತ್ತರಾಖಂಡ","",""
"state name: wb","West Bengal","ಪಶ್ಚಿಮ ಬಂಗಾಳ","",""
"state name: an","Andaman and Nicobar Islands","ಅಂಡಮಾನ್ ಮತ್ತು ನಿಕೋಬಾರ್ ದ್ವೀಪಗಳು","",""
"state name: ch","Chandigarh","ಚಂಡೀಗಢ","",""
"state name: dn","Dadra and Nagar Haveli and Daman and Diu","ದಾದ್ರಾ ಮತ್ತು ನಗರ್ ಹವೇಲಿ ಮತ್ತು ದಮನ್ ಮತ್ತು ದಿಯು","",""
"state name: dl","Delhi","ದೆಹಲಿ","",""
"state name: jk","Jammu and Kashmir","ಜಮ್ಮು ಮತ್ತು ಕಾಶ್ಮೀರ","",""
"state name: la","Ladakh","ಲಡಾಖ್","",""
"state name: ld","Lakshadweep","ಲಕ್ಷದ್ವೀಪ","",""
"state name: py","Puducherry","ಪುದುಚೇರಿ","",""
