"Where (key)","English","മലയാളം: current draft","Your correction (leave empty if fine)","Notes"
"tagline","Every version of the news, at your time","ഓരോ വാർത്തയുടെയും എല്ലാ പതിപ്പുകളും, നിങ്ങളുടെ സമയത്ത്","",""
"nav.feed","Feed","ഫീഡ്","",""
"nav.following","Following","പിന്തുടരുന്നവ","",""
"nav.archive","Archive","ആർക്കൈവ്","",""
"nav.sources","Our sources","ഞങ്ങളുടെ ഉറവിടങ്ങൾ","",""
"nav.about","How it works","ഇത് എങ്ങനെ പ്രവർത്തിക്കുന്നു","",""
"nav.signin","Sign in","സൈൻ ഇൻ","",""
"nav.settings","Settings","ക്രമീകരണങ്ങൾ","",""
"nav.menu","Main menu","പ്രധാന മെനു","",""
"welcome.title","Every version of the news, at your time","ഓരോ വാർത്തയുടെയും എല്ലാ പതിപ്പുകളും, നിങ്ങളുടെ സമയത്ത്","",""
"welcome.intro","Choose your state. International and National news is the same for everyone: every public source, untouched, with a link to each original.","നിങ്ങളുടെ സംസ്ഥാനം തിരഞ്ഞെടുക്കുക. അന്താരാഷ്ട്ര, ദേശീയ വാർത്തകൾ എല്ലാവർക്കും ഒന്നുതന്നെ: ഓരോ പൊതു ഉറവിടവും, മാറ്റമില്ലാതെ, ഓരോ യഥാർത്ഥ ലേഖനത്തിലേക്കുമുള്ള ലിങ്കോടെ.","",""
"welcome.signin","Already have an account? Sign in","ഇതിനകം അക്കൗണ്ട് ഉണ്ടോ? സൈൻ ഇൻ ചെയ്യുക","",""
"prefs.topics","Topics","വിഷയങ്ങൾ","",""
"prefs.places","Your state","നിങ്ങളുടെ സംസ്ഥാനം","",""
"prefs.state","State","സംസ്ഥാനം","",""
"prefs.chooseState","Choose your state","നിങ്ങളുടെ സംസ്ഥാനം തിരഞ്ഞെടുക്കുക","",""
"feed.chooseState","Choose your state to see its news. You can change it at any time.","സംസ്ഥാന വാർത്തകൾ കാണാൻ സംസ്ഥാനം തിരഞ്ഞെടുക്കുക. എപ്പോൾ വേണമെങ്കിലും മാറ്റാം.","",""
"prefs.statePilot","Every state is treated alike: its own outlets, in its languages and English, plus national outlets’ coverage of it. You can switch state at any time.","എല്ലാ സംസ്ഥാനങ്ങൾക്കും ഒരേ രീതി: അവിടത്തെ സ്വന്തം വാർത്താ മാധ്യമങ്ങൾ (അവിടത്തെ ഭാഷകളിലും ഇംഗ്ലീഷിലും), ദേശീയ മാധ്യമങ്ങൾ അതിനെക്കുറിച്ച് നൽകിയവ. എപ്പോൾ വേണമെങ്കിലും സംസ്ഥാനം മാറ്റാം.","",""
"prefs.hideCrime","Hide crime and accident stories","കുറ്റകൃത്യ, അപകട വാർത്തകൾ മറയ്ക്കുക","",""
"prefs.hideCrimeHint","Your choice. We never hide anything on our own.","ഇത് നിങ്ങളുടെ തിരഞ്ഞെടുപ്പ് മാത്രം. ഞങ്ങൾ സ്വയം ഒന്നും മറയ്ക്കില്ല.","",""
"prefs.save","Show my news","എന്റെ വാർത്തകൾ കാണിക്കുക","",""
"prefs.saveSettings","Save","സംരക്ഷിക്കുക","",""
"prefs.saved","Saved","സംരക്ഷിച്ചു","",""
"prefs.topicOrder","Order of topic buttons","വിഷയ ബട്ടണുകളുടെ ക്രമം","",""
"prefs.topicOrderHint","Put the topics you check most first. This only moves the buttons on your feed: all news still shows.","നിങ്ങൾ കൂടുതൽ നോക്കുന്ന വിഷയങ്ങൾ ആദ്യം വയ്ക്കുക. ഇത് ഫീഡിലെ ബട്ടണുകൾ മാത്രമേ നീക്കൂ: എല്ലാ വാർത്തകളും തുടർന്നും കാണാം.","",""
"prefs.moveUp","Move {topic} up","{topic} മുകളിലേക്ക് നീക്കുക","",""
"prefs.moveDown","Move {topic} down","{topic} താഴേക്ക് നീക്കുക","",""
"prefs.resetOrder","Reset to the standard order","സാധാരണ ക്രമത്തിലേക്ക് മാറ്റുക","",""
"feed.arrange","Arrange","ക്രമീകരിക്കുക","",""
"feed.arrangeHint","Drag the topics into the order you like (or use the arrow keys), then Save. This only moves the buttons: all news still shows.","വിഷയങ്ങൾ വലിച്ച് ഇഷ്ടമുള്ള ക്രമത്തിൽ വയ്ക്കുക (അല്ലെങ്കിൽ ആരോ കീകൾ ഉപയോഗിക്കുക), പിന്നെ സേവ് ചെയ്യുക. ഇത് ബട്ടണുകൾ മാത്രമേ നീക്കൂ: എല്ലാ വാർത്തകളും കാണാം.","",""
"feed.title","Your news","നിങ്ങളുടെ വാർത്തകൾ","",""
"feed.since","Since your last visit, {time}","നിങ്ങളുടെ അവസാന സന്ദർശനം {time} മുതൽ","",""
"weather.pageTitle","Weather in every state","ഓരോ സംസ്ഥാനത്തെയും കാലാവസ്ഥ","",""
"weather.note","At each state's and union territory's capital, not your location. Refreshed every 30 minutes.","ഓരോ സംസ്ഥാനത്തിന്റെയും കേന്ദ്രഭരണ പ്രദേശത്തിന്റെയും തലസ്ഥാനത്തേത്, നിങ്ങളുടെ സ്ഥലത്തേതല്ല. ഓരോ 30 മിനിറ്റിലും പുതുക്കും.","",""
"weather.range","{low}°–{high}° in the next 24 h","അടുത്ത 24 മണിക്കൂറിൽ {low}°–{high}°","",""
"weather.allStates","All states","എല്ലാ സംസ്ഥാനങ്ങളും","",""
"weather.credit","Weather data: MET Norway, converted to words and rounded","കാലാവസ്ഥാ വിവരം: MET Norway, വാക്കുകളാക്കി പൂർണ്ണസംഖ്യയാക്കി","",""
"weather.updated","Forecast made {time}","പ്രവചനം: {time}","",""
"weather.unavailable","Not available right now","ഇപ്പോൾ ലഭ്യമല്ല","",""
"sky.clear","Clear","തെളിഞ്ഞ ആകാശം","",""
"sky.partly","Partly cloudy","ഭാഗികമായി മേഘാവൃതം","",""
"sky.cloudy","Cloudy","മേഘാവൃതം","",""
"sky.fog","Fog","മൂടൽമഞ്ഞ്","",""
"sky.rain","Rain","മഴ","",""
"sky.heavyRain","Heavy rain","കനത്ത മഴ","",""
"sky.thunder","Thunderstorm","ഇടിമിന്നലോടെ മഴ","",""
"sky.snow","Snow","മഞ്ഞുവീഴ്ച","",""
"intro.title","How Vuaz works","Vuaz എങ്ങനെ പ്രവർത്തിക്കുന്നു","",""
"intro.one","Each story brings together every outlet's report on it: newspapers, TV and websites, in many languages.","ഓരോ വാർത്തയിലും അതിനെക്കുറിച്ചുള്ള ഓരോ മാധ്യമത്തിന്റെയും റിപ്പോർട്ട് ഒരിടത്ത്: പത്രങ്ങൾ, ടിവി, വെബ്സൈറ്റുകൾ, പല ഭാഷകളിൽ.","",""
"intro.two","Open a story to see how each outlet headlined it, and compare them side by side.","ഒരു വാർത്ത തുറന്ന് ഓരോ മാധ്യമവും എന്ത് തലക്കെട്ട് നൽകി എന്ന് കാണുക, അടുത്തടുത്ത് താരതമ്യം ചെയ്യുക.","",""
"intro.three","We never rank, rate, summarise or rewrite the news. Every report links to the original.","ഞങ്ങൾ വാർത്തകൾക്ക് റാങ്കോ റേറ്റിങ്ങോ നൽകുന്നില്ല; സംഗ്രഹിക്കുകയോ മാറ്റിയെഴുതുകയോ ചെയ്യുന്നില്ല. ഓരോ റിപ്പോർട്ടും മൂലത്തിലേക്ക് ലിങ്ക് ചെയ്യുന്നു.","",""
"card.versions","See all versions","എല്ലാ പതിപ്പുകളും കാണുക","",""
"story.headlined","How they headlined it","ആര് എന്ത് തലക്കെട്ട് നൽകി","",""
"story.headlinedNote","The first report in each language, then the earliest from other outlets, in their own words. Every report is listed below.","ഓരോ ഭാഷയിലെയും ആദ്യ റിപ്പോർട്ട്, പിന്നെ മറ്റ് മാധ്യമങ്ങളുടെ ആദ്യത്തേത്, അവരുടെ സ്വന്തം വാക്കുകളിൽ. എല്ലാ റിപ്പോർട്ടുകളും താഴെയുണ്ട്.","",""
"feed.nothingNew","Nothing new since your last visit","നിങ്ങളുടെ കഴിഞ്ഞ സന്ദർശനത്തിനു ശേഷം പുതിയതൊന്നുമില്ല","",""
"kind.opinion","Opinion","അഭിപ്രായം","",""
"kind.editorial","Editorial","മുഖപ്രസംഗം","",""
"kind.analysis","Analysis","വിശകലനം","",""
"feed.morningName","Good morning, {name}","സുപ്രഭാതം, {name}","",""
"feed.afternoonName","Good afternoon, {name}","ശുഭ ഉച്ചതിരിഞ്ഞ്, {name}","",""
"feed.eveningName","Good evening, {name}","ശുഭ സായാഹ്നം, {name}","",""
"feed.welcomeName","Welcome, {name}","സ്വാഗതം, {name}","",""
"feed.welcomeBackName","Welcome back, {name}","വീണ്ടും സ്വാഗതം, {name}","",""
"name.title","What should we call you?","ഞങ്ങൾ നിങ്ങളെ എന്ത് വിളിക്കണം?","",""
"name.intro","We greet you by this name. Only you and our team see it.","ഈ പേരിലാണ് ഞങ്ങൾ നിങ്ങളെ അഭിവാദ്യം ചെയ്യുക. നിങ്ങളും ഞങ്ങളുടെ ടീമും മാത്രമേ ഇത് കാണൂ.","",""
"name.label","Your name","നിങ്ങളുടെ പേര്","",""
"name.note","Up to 40 letters. You can change it in Settings.","40 അക്ഷരങ്ങൾ വരെ. ക്രമീകരണങ്ങളിൽ മാറ്റാം.","",""
"name.empty","Please write a name.","ദയവായി ഒരു പേര് എഴുതുക.","",""
"name.saved","Name saved.","പേര് സേവ് ചെയ്തു.","",""
"name.continue","Continue","തുടരുക","",""
"name.save","Save name","പേര് സേവ് ചെയ്യുക","",""
"settings.restricted","Your account is restricted. You can still read all the news, but following stories, saving settings and suggesting sources are turned off.","നിങ്ങളുടെ അക്കൗണ്ട് നിയന്ത്രിച്ചിരിക്കുന്നു. എല്ലാ വാർത്തകളും വായിക്കാം, പക്ഷേ വാർത്തകൾ ഫോളോ ചെയ്യൽ, ക്രമീകരണങ്ങൾ സേവ് ചെയ്യൽ, ഉറവിടങ്ങൾ നിർദ്ദേശിക്കൽ എന്നിവ നിർത്തിയിരിക്കുന്നു.","",""
"nav.watch","Watch","കാണുക","",""
"feed.morning","Good morning","സുപ്രഭാതം","",""
"feed.afternoon","Good afternoon","ശുഭ ഉച്ചതിരിഞ്ഞ്","",""
"feed.evening","Good evening","ശുഭ സായാഹ്നം","",""
"feed.tagline","Every version of the news, side by side. The same for every reader.","വാർത്തയുടെ എല്ലാ രൂപങ്ങളും, അടുത്തടുത്ത്. ഓരോ വായനക്കാരനും ഒരുപോലെ.","",""
"home.mostCovered","Most covered today","ഇന്ന് ഏറ്റവും കൂടുതൽ റിപ്പോർട്ട് ചെയ്ത വാർത്തകൾ","",""
"home.mostCoveredNote","By number of outlets reporting it. Never by clicks.","റിപ്പോർട്ട് ചെയ്ത മാധ്യമങ്ങളുടെ എണ്ണം അനുസരിച്ച്. ക്ലിക്കുകൾ അനുസരിച്ച് ഒരിക്കലുമില്ല.","",""
"home.coveredBy","Covered by {n} outlets","{n} മാധ്യമങ്ങൾ റിപ്പോർട്ട് ചെയ്തു","",""
"home.sourcesLangs","{n} sources · {l} languages","{n} ഉറവിടങ്ങൾ · {l} ഭാഷകൾ","",""
"home.sourcesLang1","{n} sources · 1 language","{n} ഉറവിടങ്ങൾ · 1 ഭാഷ","",""
"home.prev","Previous story","മുമ്പത്തെ വാർത്ത","",""
"home.next","Next story","അടുത്ത വാർത്ത","",""
"home.justIn","Just in","ഇപ്പോൾ വന്നത്","",""
"home.watch","Watch: latest from YouTube","കാണുക: യൂട്യൂബിൽ പുതിയത്","",""
"home.seeAll","See all","എല്ലാം കാണുക","",""
"watch.title","Watch","കാണുക","",""
"watch.intro","The latest videos from the official YouTube channels we follow, newest first. Each opens on YouTube.","ഞങ്ങൾ പിന്തുടരുന്ന ഔദ്യോഗിക യൂട്യൂബ് ചാനലുകളുടെ പുതിയ വീഡിയോകൾ, പുതിയത് ആദ്യം. ഓരോന്നും യൂട്യൂബിൽ തുറക്കും.","",""
"watch.empty","No videos here yet.","ഇവിടെ ഇതുവരെ വീഡിയോകളില്ല.","",""
"watch.versions","All versions","എല്ലാ രൂപങ്ങളും","",""
"search.label","Search headlines","തലക്കെട്ടുകൾ തിരയുക","",""
"search.placeholder","Search headlines, places, people…","തലക്കെട്ട്, സ്ഥലം, ആളുകൾ തിരയുക…","",""
"search.title","Search","തിരയുക","",""
"search.results","Stories from the last 30 days that mention “{q}”, newest first.","“{q}” ഉള്ള കഴിഞ്ഞ 30 ദിവസത്തെ വാർത്തകൾ, പുതിയത് ആദ്യം.","",""
"search.empty","No story in the last 30 days mentions that.","കഴിഞ്ഞ 30 ദിവസത്തെ ഒരു വാർത്തയിലും ഇതില്ല.","",""
"search.hint","Type at least two letters.","കുറഞ്ഞത് രണ്ട് അക്ഷരങ്ങൾ ടൈപ്പ് ചെയ്യുക.","",""
"theme.dark","Switch to dark mode","ഡാർക്ക് മോഡിലേക്ക് മാറുക","",""
"theme.light","Switch to light mode","ലൈറ്റ് മോഡിലേക്ക് മാറുക","",""
"install.title","Vuaz on your home screen","നിങ്ങളുടെ ഹോം സ്ക്രീനിൽ Vuaz","",""
"install.body","Free, no app store. Catch up whenever you like.","സൗജന്യം, ആപ്പ് സ്റ്റോർ വേണ്ട. ഇഷ്ടമുള്ളപ്പോൾ വായിക്കൂ.","",""
"install.button","Install the app","ആപ്പ് ഇൻസ്റ്റാൾ ചെയ്യുക","",""
"install.ios","On iPhone: tap Share, then “Add to Home Screen”.","ഐഫോണിൽ: Share അമർത്തി “Add to Home Screen” തിരഞ്ഞെടുക്കുക.","",""
"feed.refreshed","News last refreshed: {time}","വാർത്തകൾ അവസാനം പുതുക്കിയത്: {time}","",""
"feed.hintTopic","Showing {topic} news. Tap another topic above to change.","{topic} വാർത്തകൾ കാണിക്കുന്നു. മാറ്റാൻ മുകളിൽ മറ്റൊരു വിഷയം തൊടുക.","",""
"feed.firstVisit","Last 7 days","കഴിഞ്ഞ 7 ദിവസം","",""
"feed.tabInternational","International","അന്താരാഷ്ട്രം","",""
"feed.tabNational","National","ദേശീയം","",""
"feed.tabsLabel","Area","പ്രദേശം","",""
"feed.order","Order","ക്രമം","",""
"feed.orderNote","Order is mechanical and yours to change. We never rank or rate sources.","ക്രമം യാന്ത്രികമാണ്, നിങ്ങൾക്ക് മാറ്റാം. ഞങ്ങൾ ഉറവിടങ്ങൾക്ക് റാങ്കോ റേറ്റിംഗോ നൽകുന്നില്ല.","",""
"feed.sources","{n} sources","{n} ഉറവിടങ്ങൾ","",""
"feed.source1","1 source so far","ഇതുവരെ 1 ഉറവിടം","",""
"feed.reports","{n} reports","{n} റിപ്പോർട്ടുകൾ","",""
"feed.new","New","പുതിയത്","",""
"feed.empty","No stories here yet for your choices.","നിങ്ങളുടെ തിരഞ്ഞെടുപ്പുകൾക്ക് ഇവിടെ ഇതുവരെ വാർത്തകളില്ല.","",""
"feed.more","Show more","കൂടുതൽ കാണിക്കുക","",""
"feed.firstBy","First reported by {source}","ആദ്യം പ്രസിദ്ധീകരിച്ചത്: {source}","",""
"feed.demo","You are looking at sample stories. Connect Supabase (see docs/SETUP.md) to see live news.","നിങ്ങൾ മാതൃകാ വാർത്തകൾ കാണുന്നു. തത്സമയ വാർത്തകൾക്ക് Supabase ബന്ധിപ്പിക്കുക (docs/SETUP.md കാണുക).","",""
"feed.edit","Change my choices","എന്റെ തിരഞ്ഞെടുപ്പുകൾ മാറ്റുക","",""
"sort.sources","Most sources first","കൂടുതൽ ഉറവിടങ്ങൾ ആദ്യം","",""
"sort.latest","Latest first","പുതിയവ ആദ്യം","",""
"sort.random","Random","ക്രമരഹിതം","",""
"sort.earliest","Earliest first","പഴയവ ആദ്യം","",""
"sort.source","Source name A to Z","ഉറവിടത്തിന്റെ പേര് ക്രമത്തിൽ","",""
"story.back","Back to feed","ഫീഡിലേക്ക് മടങ്ങുക","",""
"story.count","{n} reports from {s} sources","{s} ഉറവിടങ്ങളിൽ നിന്ന് {n} റിപ്പോർട്ടുകൾ","",""
"story.follow","Follow this story","ഈ വാർത്ത പിന്തുടരുക","",""
"story.following","Following","പിന്തുടരുന്നു","",""
"story.unfollow","Stop following","പിന്തുടരൽ നിർത്തുക","",""
"story.signInToFollow","Sign in to follow","പിന്തുടരാൻ സൈൻ ഇൻ ചെയ്യുക","",""
"story.filterType","Kind of source","ഉറവിടത്തിന്റെ തരം","",""
"story.filterLanguage","Language","ഭാഷ","",""
"story.all","All","എല്ലാം","",""
"story.sort","Order","ക്രമം","",""
"story.orderNote","We never rank or rate sources. Order is by time unless you change it.","ഞങ്ങൾ ഉറവിടങ്ങൾക്ക് റാങ്കോ റേറ്റിംഗോ നൽകുന്നില്ല. നിങ്ങൾ മാറ്റിയില്ലെങ്കിൽ സമയക്രമത്തിൽ.","",""
"story.read","Read at {source}","{source} ൽ വായിക്കുക","",""
"story.watch","Watch on {source}","{source} ൽ കാണുക","",""
"story.ownTranslator","Opens in {language}. To read it in your language, use your phone’s own translator (Google Translate, or Translate in Safari on iPhone).","{language} ഭാഷയിൽ തുറക്കും. നിങ്ങളുടെ ഭാഷയിൽ വായിക്കാൻ ഫോണിലെ വിവർത്തകൻ ഉപയോഗിക്കുക (Google Translate, അല്ലെങ്കിൽ iPhone-ൽ Safari വിവർത്തനം).","",""
"tr.from","Translated from {language}","{language} ഭാഷയിൽ നിന്നുള്ള വിവർത്തനം","",""
"tr.showOriginal","Translated by Google · show the original ({language})","Google വിവർത്തനം · യഥാർത്ഥ തലക്കെട്ട് കാണിക്കുക ({language})","",""
"story.pictureBy","Picture: {source}","ചിത്രം: {source}","",""
"listen.all","Read aloud","ഉറക്കെ വായിക്കുക","",""
"listen.one","Listen","കേൾക്കുക","",""
"listen.stop","Stop","നിർത്തുക","",""
"listen.from","From {source}.","{source} ൽ നിന്ന്.","",""
"listen.noVoice","Your phone has no {language} voice installed, so some words may be skipped or mispronounced.","നിങ്ങളുടെ ഫോണിൽ {language} ശബ്ദമില്ല; ചില വാക്കുകൾ വിട്ടുപോകുകയോ തെറ്റായി ഉച്ചരിക്കുകയോ ചെയ്യാം.","",""
"story.compare","Compare","താരതമ്യം","",""
"story.compareN","Compare side by side ({n})","അടുത്തടുത്ത് താരതമ്യം ചെയ്യുക ({n})","",""
"story.compareHint","Tick 2 or 3 reports to compare them.","താരതമ്യം ചെയ്യാൻ 2 അല്ലെങ്കിൽ 3 റിപ്പോർട്ടുകൾ തിരഞ്ഞെടുക്കുക.","",""
"story.compareMax","You can compare up to 3 at a time.","ഒരേ സമയം പരമാവധി 3 എണ്ണം താരതമ്യം ചെയ്യാം.","",""
"story.wire","Same wire text as {n} other listing(s)","മറ്റ് {n} ലിസ്റ്റിംഗുകളിലും ഇതേ വാർത്താ ഏജൻസി പാഠം","",""
"story.updated","Headline changed by the source, {time}","ഉറവിടം തലക്കെട്ട് മാറ്റി, {time}","",""
"story.moreComing","New versions appear here as more outlets report. Follow the story to see them in your catch-up.","കൂടുതൽ സ്ഥാപനങ്ങൾ റിപ്പോർട്ട് ചെയ്യുമ്പോൾ പുതിയ പതിപ്പുകൾ ഇവിടെ വരും. നിങ്ങളുടെ അപ്‌ഡേറ്റിൽ കാണാൻ വാർത്ത പിന്തുടരുക.","",""
"story.gone","This story is no longer available. Stories are kept for 30 days.","ഈ വാർത്ത ഇപ്പോൾ ലഭ്യമല്ല. വാർത്തകൾ 30 ദിവസം സൂക്ഷിക്കും.","",""
"story.noneMatch","No reports match these filters.","ഈ ഫിൽട്ടറുകൾക്ക് യോജിക്കുന്ന റിപ്പോർട്ടുകളില്ല.","",""
"story.firstBy","First reported by {source}, {time}","ആദ്യം പ്രസിദ്ധീകരിച്ചത്: {source}, {time}","",""
"ai.ask","Ask your AI","നിങ്ങളുടെ AI യോട് ചോദിക്കുക","",""
"ai.openWith","Open with","ഇതിൽ തുറക്കുക","",""
"ai.note","Opens the assistant you choose with the link only. We add no question or prompt.","നിങ്ങൾ തിരഞ്ഞെടുക്കുന്ന സഹായിയിൽ ലിങ്ക് മാത്രം തുറക്കുന്നു. ചോദ്യമോ പ്രോംപ്റ്റോ ചേർക്കുന്നില്ല.","",""
"ai.copied","Link copied. Paste it into {name}.","ലിങ്ക് പകർത്തി. {name} ൽ ഒട്ടിക്കുക.","",""
"ai.other","Copy link only","ലിങ്ക് മാത്രം പകർത്തുക","",""
"compare.title","Side by side","അടുത്തടുത്ത്","",""
"compare.intro","As each source published it.","ഓരോ ഉറവിടവും പ്രസിദ്ധീകരിച്ചതുപോലെ.","",""
"compare.headline","Headline","തലക്കെട്ട്","",""
"compare.snippet","Opening text","ആരംഭ വാചകം","",""
"compare.original","Read original","യഥാർത്ഥം വായിക്കുക","",""
"compare.askAll","Ask your AI about these","ഇവയെക്കുറിച്ച് നിങ്ങളുടെ AI യോട് ചോദിക്കുക","",""
"compare.none","Pick 2 or 3 reports on a story page to compare them.","താരതമ്യം ചെയ്യാൻ ഒരു വാർത്താ പേജിൽ 2 അല്ലെങ്കിൽ 3 റിപ്പോർട്ടുകൾ തിരഞ്ഞെടുക്കുക.","",""
"compare.backToStory","Back to story","വാർത്തയിലേക്ക് മടങ്ങുക","",""
"following.title","Stories you follow","നിങ്ങൾ പിന്തുടരുന്ന വാർത്തകൾ","",""
"following.newSince","{n} new since you last looked","അവസാനം കണ്ടതിന് ശേഷം {n} പുതിയവ","",""
"following.noNew","No new reports since you last looked","അവസാനം കണ്ടതിന് ശേഷം പുതിയ റിപ്പോർട്ടുകളില്ല","",""
"following.empty","Follow a developing story to see new reports here.","തുടരുന്ന ഒരു വാർത്ത പിന്തുടർന്നാൽ പുതിയ റിപ്പോർട്ടുകൾ ഇവിടെ കാണാം.","",""
"following.signIn","Sign in to follow stories.","വാർത്തകൾ പിന്തുടരാൻ സൈൻ ഇൻ ചെയ്യുക.","",""
"archive.title","Archive","ആർക്കൈവ്","",""
"archive.intro","Stories from 8 to 30 days ago. After 30 days they are removed.","8 മുതൽ 30 ദിവസം വരെ പഴയ വാർത്തകൾ. 30 ദിവസത്തിന് ശേഷം നീക്കം ചെയ്യും.","",""
"archive.search","Search headlines","തലക്കെട്ടുകളിൽ തിരയുക","",""
"archive.searchButton","Search","തിരയുക","",""
"archive.empty","Nothing found.","ഒന്നും കണ്ടെത്തിയില്ല.","",""
"sources.title","Our sources","ഞങ്ങളുടെ ഉറവിടങ്ങൾ","",""
"sources.intro","Every outlet we collect from. Choosing sources is itself a choice, so the whole list is public and anyone can suggest more.","ഞങ്ങൾ വാർത്ത ശേഖരിക്കുന്ന ഓരോ സ്ഥാപനവും. ഉറവിടങ്ങൾ തിരഞ്ഞെടുക്കുന്നതും ഒരു തീരുമാനമാണ്, അതിനാൽ മുഴുവൻ പട്ടികയും പൊതുവാണ്; ആർക്കും പുതിയവ നിർദ്ദേശിക്കാം.","",""
"sources.policy","A source is included if it publishes news regularly, can be identified, and is not dedicated to hate or harassment. The same rule applies to every source.","സ്ഥിരമായി വാർത്ത പ്രസിദ്ധീകരിക്കുന്ന, തിരിച്ചറിയാവുന്ന, വിദ്വേഷത്തിനോ ഉപദ്രവത്തിനോ മാത്രമായി നിലകൊള്ളാത്ത ഉറവിടം ഉൾപ്പെടുത്തും. ഓരോ ഉറവിടത്തിനും ഇതേ നിയമം.","",""
"sources.count","{n} sources","{n} ഉറവിടങ്ങൾ","",""
"status.live","Collected","ശേഖരിക്കുന്നു","",""
"status.to_check","Being checked","പരിശോധനയിൽ","",""
"status.broken","Feed not working","ഫീഡ് പ്രവർത്തിക്കുന്നില്ല","",""
"status.no_feed","No public feed yet","ഇതുവരെ പൊതു ഫീഡ് ഇല്ല","",""
"layer.national","India","ഇന്ത്യ","",""
"layer.state","State","സംസ്ഥാനം","",""
"layer.international","International","അന്താരാഷ്ട്രം","",""
"suggest.title","Suggest a source","ഒരു ഉറവിടം നിർദ്ദേശിക്കുക","",""
"suggest.name","Outlet or page name","സ്ഥാപനത്തിന്റെ അല്ലെങ്കിൽ പേജിന്റെ പേര്","",""
"suggest.url","Website (optional)","വെബ്സൈറ്റ് (ഐച്ഛികം)","",""
"suggest.note","Anything we should know (optional)","ഞങ്ങൾ അറിയേണ്ടത് (ഐച്ഛികം)","",""
"suggest.send","Send suggestion","നിർദ്ദേശം അയയ്ക്കുക","",""
"suggest.thanks","Thank you. Every suggestion is checked against the published source rule.","നന്ദി. ഓരോ നിർദ്ദേശവും പ്രസിദ്ധീകരിച്ച ഉറവിട നിയമപ്രകാരം പരിശോധിക്കും.","",""
"suggest.signIn","Sign in to suggest a source.","ഉറവിടം നിർദ്ദേശിക്കാൻ സൈൻ ഇൻ ചെയ്യുക.","",""
"suggest.error","Could not send. Please check the name and try again.","അയയ്ക്കാനായില്ല. പേര് പരിശോധിച്ച് വീണ്ടും ശ്രമിക്കുക.","",""
"login.title","Sign in","സൈൻ ഇൻ","",""
"login.intro","Save your choices and follow stories on every device. Reading needs no account.","നിങ്ങളുടെ തിരഞ്ഞെടുപ്പുകൾ സംരക്ഷിച്ച് എല്ലാ ഉപകരണങ്ങളിലും വാർത്തകൾ പിന്തുടരുക. വായിക്കാൻ അക്കൗണ്ട് വേണ്ട.","",""
"login.google","Continue with Google","Google ഉപയോഗിച്ച് തുടരുക","",""
"login.error","Sign-in did not work. Please try again.","സൈൻ ഇൻ നടന്നില്ല. വീണ്ടും ശ്രമിക്കുക.","",""
"login.guest","Continue without an account","അക്കൗണ്ട് ഇല്ലാതെ തുടരുക","",""
"login.notConfigured","Sign-in works once Supabase is connected (see docs/SETUP.md).","Supabase ബന്ധിപ്പിച്ച ശേഷം സൈൻ ഇൻ പ്രവർത്തിക്കും (docs/SETUP.md കാണുക).","",""
"settings.title","Settings","ക്രമീകരണങ്ങൾ","",""
"settings.reading","What you see","നിങ്ങൾ കാണുന്നത്","",""
"settings.app","App","ആപ്പ്","",""
"settings.ui","App language","ആപ്പ് ഭാഷ","",""
"settings.ai","Default AI assistant","സ്ഥിരം AI സഹായി","",""
"settings.account","Account","അക്കൗണ്ട്","",""
"settings.signedInAs","Signed in as {email}","{email} ആയി സൈൻ ഇൻ ചെയ്തു","",""
"settings.guest","You are not signed in. Your choices are saved on this device only.","നിങ്ങൾ സൈൻ ഇൻ ചെയ്തിട്ടില്ല. നിങ്ങളുടെ തിരഞ്ഞെടുപ്പുകൾ ഈ ഉപകരണത്തിൽ മാത്രം സംരക്ഷിക്കും.","",""
"settings.signOut","Sign out","സൈൻ ഔട്ട്","",""
"settings.delete","Delete my account","എന്റെ അക്കൗണ്ട് ഇല്ലാതാക്കുക","",""
"settings.deleteConfirm","This deletes your account, choices and follows for good. Type DELETE to confirm.","ഇത് നിങ്ങളുടെ അക്കൗണ്ട്, തിരഞ്ഞെടുപ്പുകൾ, പിന്തുടരലുകൾ എന്നിവ സ്ഥിരമായി ഇല്ലാതാക്കും. സ്ഥിരീകരിക്കാൻ DELETE എന്ന് ടൈപ്പ് ചെയ്യുക.","",""
"settings.deleteButton","Delete account","അക്കൗണ്ട് ഇല്ലാതാക്കുക","",""
"settings.inactive","Accounts unused for 12 months are deleted automatically. The app never sends email.","12 മാസം ഉപയോഗിക്കാത്ത അക്കൗണ്ടുകൾ സ്വയം ഇല്ലാതാക്കും. ആപ്പ് ഒരിക്കലും ഇമെയിൽ അയയ്ക്കില്ല.","",""
"group.newspaper","Newspaper","പത്രം","",""
"group.tv","TV","ടിവി","",""
"group.digital","Digital","ഡിജിറ്റൽ","",""
"group.community","Community","സമൂഹം","",""
"group.government","Government","സർക്കാർ","",""
"group.international","International","അന്താരാഷ്ട്രം","",""
"group.video","YouTube","യൂട്യൂബ്","",""
"footer.rule","We never rank, rate or rewrite sources.","ഞങ്ങൾ ഉറവിടങ്ങൾക്ക് റാങ്കോ റേറ്റിംഗോ നൽകുകയോ അവ മാറ്റിയെഴുതുകയോ ചെയ്യുന്നില്ല.","",""
"footer.about","How it works","ഇത് എങ്ങനെ പ്രവർത്തിക്കുന്നു","",""
"footer.sources","Our sources","ഞങ്ങളുടെ ഉറവിടങ്ങൾ","",""
"footer.grievance","Grievances and takedowns","പരാതികളും നീക്കം ചെയ്യൽ അഭ്യർത്ഥനകളും","",""
"footer.privacy","Privacy","സ്വകാര്യത","",""
"footer.terms","Terms","നിബന്ധനകൾ","",""
"notFound.title","Page not found","പേജ് കണ്ടെത്തിയില്ല","",""
"notFound.back","Go to your feed","നിങ്ങളുടെ ഫീഡിലേക്ക് പോകുക","",""
"error.title","Something went wrong","എന്തോ പിശക് സംഭവിച്ചു","",""
"error.retry","Try again","വീണ്ടും ശ്രമിക്കുക","",""
"common.loading","Loading…","ലോഡ് ചെയ്യുന്നു…","",""
"common.close","Close","അടയ്ക്കുക","",""
"topic name: politics","Politics","രാഷ്ട്രീയം","",""
"topic name: business","Business","ബിസിനസ്","",""
"topic name: tech","Tech","ടെക്","",""
"topic name: sports","Sports","കായികം","",""
"topic name: farming","Farming","കൃഷി","",""
"topic name: education","Education & jobs","വിദ്യാഭ്യാസവും ജോലിയും","",""
"topic name: health","Health","ആരോഗ്യം","",""
"topic name: cinema","Cinema","സിനിമ","",""
"topic name: crime","Crime","കുറ്റകൃത്യം","",""
"topic name: auto","Automobile","വാഹനം","",""
"topic name: lifestyle","Lifestyle","ജീവിതശൈലി","",""
"topic name: fashion","Fashion","ഫാഷൻ","",""
"topic name: food","Food","ഭക്ഷണം","",""
"topic name: travel","Travel","യാത്ര","",""
"topic name: environment","Environment & weather","പരിസ്ഥിതിയും കാലാവസ്ഥയും","",""
"topic name: religion","Religion & festivals","ആത്മീയം, ഉത്സവങ്ങൾ","",""
"topic name: accidents","Accidents","അപകടങ്ങൾ","",""
"topic name: space","Space","ബഹിരാകാശം","",""
"topic name: gaming","Gaming","ഗെയിമിങ്","",""
"state name: tg","Telangana","തെലങ്കാന","",""
"state name: ap","Andhra Pradesh","ആന്ധ്രാപ്രദേശ്","",""
"state name: ar","Arunachal Pradesh","അരുണാചൽ പ്രദേശ്","",""
"state name: as","Assam","അസം","",""
"state name: br","Bihar","ബിഹാർ","",""
"state name: cg","Chhattisgarh","ഛത്തീസ്ഗഢ്","",""
"state name: ga","Goa","ഗോവ","",""
"state name: gj","Gujarat","ഗുജറാത്ത്","",""
"state name: hr","Haryana","ഹരിയാന","",""
"state name: hp","Himachal Pradesh","ഹിമാചൽ പ്രദേശ്","",""
"state name: jh","Jharkhand","ജാർഖണ്ഡ്","",""
"state name: ka","Karnataka","കർണാടക","",""
"state name: kl","Kerala","കേരളം","",""
"state name: mp","Madhya Pradesh","മധ്യപ്രദേശ്","",""
"state name: mh","Maharashtra","മഹാരാഷ്ട്ര","",""
"state name: mn","Manipur","മണിപ്പൂർ","",""
"state name: ml","Meghalaya","മേഘാലയ","",""
"state name: mz","Mizoram","മിസോറം","",""
"state name: nl","Nagaland","നാഗാലാൻഡ്","",""
"state name: od","Odisha","ഒഡീഷ","",""
"state name: pb","Punjab","പഞ്ചാബ്","",""
"state name: rj","Rajasthan","രാജസ്ഥാൻ","",""
"state name: sk","Sikkim","സിക്കിം","",""
"state name: tn","Tamil Nadu","തമിഴ്നാട്","",""
"state name: tr","Tripura","ത്രിപുര","",""
"state name: up","Uttar Pradesh","ഉത്തർപ്രദേശ്","",""
"state name: uk","Uttarakhand","ഉത്തരാഖണ്ഡ്","",""
"state name: wb","West Bengal","പശ്ചിമ ബംഗാൾ","",""
"state name: an","Andaman and Nicobar Islands","ആൻഡമാൻ നിക്കോബാർ ദ്വീപുകൾ","",""
"state name: ch","Chandigarh","ചണ്ഡീഗഢ്","",""
"state name: dn","Dadra and Nagar Haveli and Daman and Diu","ദാദ്ര നഗർ ഹവേലി ദാമൻ ദിയു","",""
"state name: dl","Delhi","ഡൽഹി","",""
"state name: jk","Jammu and Kashmir","ജമ്മു കശ്മീർ","",""
"state name: la","Ladakh","ലഡാക്ക്","",""
"state name: ld","Lakshadweep","ലക്ഷദ്വീപ്","",""
"state name: py","Puducherry","പുതുച്ചേരി","",""
