"Where (key)","English","मराठी: current draft","Your correction (leave empty if fine)","Notes"
"tagline","Every version of the news, at your time","प्रत्येक बातमीची सर्व रूपे, तुमच्या वेळेनुसार","",""
"nav.feed","Feed","फीड","",""
"nav.following","Following","फॉलो","",""
"nav.archive","Archive","संग्रह","",""
"nav.sources","Our sources","आमचे स्रोत","",""
"nav.about","How it works","हे कसे काम करते","",""
"nav.signin","Sign in","साइन इन","",""
"nav.settings","Settings","सेटिंग्ज","",""
"nav.menu","Main menu","मुख्य मेनू","",""
"welcome.title","Every version of the news, at your time","प्रत्येक बातमीची सर्व रूपे, तुमच्या वेळेनुसार","",""
"welcome.intro","Choose your state. International and National news is the same for everyone: every public source, untouched, with a link to each original.","तुमचे राज्य निवडा. आंतरराष्ट्रीय आणि राष्ट्रीय बातम्या सर्वांसाठी सारख्याच: प्रत्येक सार्वजनिक स्रोत, न बदलता, प्रत्येक मूळ लेखाच्या लिंकसह.","",""
"welcome.signin","Already have an account? Sign in","आधीच खाते आहे? साइन इन करा","",""
"prefs.topics","Topics","विषय","",""
"prefs.places","Your state","तुमचे राज्य","",""
"prefs.state","State","राज्य","",""
"prefs.chooseState","Choose your state","तुमचे राज्य निवडा","",""
"feed.chooseState","Choose your state to see its news. You can change it at any time.","तुमच्या राज्याच्या बातम्या पाहण्यासाठी राज्य निवडा. ते कधीही बदलता येते.","",""
"prefs.statePilot","Every state is treated alike: its own outlets, in its languages and English, plus national outlets’ coverage of it. You can switch state at any time.","प्रत्येक राज्याला समान वागणूक: त्या राज्याची स्वतःची माध्यमे (त्याच्या भाषांत आणि इंग्रजीत) आणि राष्ट्रीय माध्यमांनी त्याबद्दल दिलेल्या बातम्या. तुम्ही कधीही राज्य बदलू शकता.","",""
"prefs.hideCrime","Hide crime and accident stories","गुन्हे आणि अपघाताच्या बातम्या लपवा","",""
"prefs.hideCrimeHint","Your choice. We never hide anything on our own.","ही फक्त तुमची निवड आहे. आम्ही स्वतःहून काहीही लपवत नाही.","",""
"prefs.save","Show my news","माझ्या बातम्या दाखवा","",""
"prefs.saveSettings","Save","जतन करा","",""
"prefs.saved","Saved","जतन केले","",""
"prefs.topicOrder","Order of topic buttons","विषय बटणांचा क्रम","",""
"prefs.topicOrderHint","Put the topics you check most first. This only moves the buttons on your feed: all news still shows.","तुम्ही जास्त पाहता ते विषय आधी ठेवा. यामुळे फीडवर फक्त बटणांची जागा बदलते: सर्व बातम्या दिसत राहतात.","",""
"prefs.moveUp","Move {topic} up","{topic} वर हलवा","",""
"prefs.moveDown","Move {topic} down","{topic} खाली हलवा","",""
"prefs.resetOrder","Reset to the standard order","मूळ क्रमावर परत जा","",""
"feed.arrange","Arrange","क्रम लावा","",""
"feed.arrangeHint","Drag the topics into the order you like (or use the arrow keys), then Save. This only moves the buttons: all news still shows.","विषय ओढून तुमच्या आवडीच्या क्रमात लावा (किंवा बाण कळा वापरा), मग सेव्ह करा. यामुळे फक्त बटणे हलतात: सर्व बातम्या दिसत राहतात.","",""
"feed.title","Your news","तुमच्या बातम्या","",""
"feed.since","Since your last visit, {time}","तुमच्या मागील भेटीपासून, {time}","",""
"weather.pageTitle","Weather in every state","प्रत्येक राज्यातील हवामान","",""
"weather.note","At each state's and union territory's capital, not your location. Refreshed every 30 minutes.","प्रत्येक राज्य व केंद्रशासित प्रदेशाच्या राजधानीचे, तुमच्या ठिकाणाचे नाही. दर 30 मिनिटांनी ताजे.","",""
"weather.range","{low}°–{high}° in the next 24 h","पुढील 24 तासांत {low}°–{high}°","",""
"weather.allStates","All states","सर्व राज्ये","",""
"weather.credit","Weather data: MET Norway, converted to words and rounded","हवामान माहिती: MET Norway, शब्दांत रूपांतरित व पूर्णांकित","",""
"weather.updated","Forecast made {time}","अंदाज: {time}","",""
"weather.unavailable","Not available right now","सध्या उपलब्ध नाही","",""
"sky.clear","Clear","निरभ्र","",""
"sky.partly","Partly cloudy","अंशतः ढगाळ","",""
"sky.cloudy","Cloudy","ढगाळ","",""
"sky.fog","Fog","धुके","",""
"sky.rain","Rain","पाऊस","",""
"sky.heavyRain","Heavy rain","मुसळधार पाऊस","",""
"sky.thunder","Thunderstorm","वादळी पाऊस","",""
"sky.snow","Snow","बर्फ","",""
"intro.title","How Vuaz works","Vuaz कसे काम करते","",""
"intro.one","Each story brings together every outlet's report on it: newspapers, TV and websites, in many languages.","प्रत्येक बातमीत त्यावरचा प्रत्येक माध्यमाचा वृत्तांत एकत्र मिळतो: वृत्तपत्रे, टीव्ही आणि वेबसाइट्स, अनेक भाषांत.","",""
"intro.two","Open a story to see how each outlet headlined it, and compare them side by side.","बातमी उघडा आणि प्रत्येक माध्यमाने कोणता मथळा दिला ते पाहा, शेजारी शेजारी तुलना करा.","",""
"intro.three","We never rank, rate, summarise or rewrite the news. Every report links to the original.","आम्ही बातम्यांना क्रमांक, रेटिंग देत नाही; सारांश लिहीत नाही, बदलत नाही. प्रत्येक वृत्तांत मूळाशी जोडलेला आहे.","",""
"card.versions","See all versions","सर्व रूपे पाहा","",""
"story.headlined","How they headlined it","कोणी कोणता मथळा दिला","",""
"story.headlinedNote","The first report in each language, then the earliest from other outlets, in their own words. Every report is listed below.","प्रत्येक भाषेतील पहिला वृत्तांत, मग इतर माध्यमांचा सर्वात आधीचा, त्यांच्याच शब्दांत. सर्व वृत्तांत खाली आहेत.","",""
"feed.nothingNew","Nothing new since your last visit","तुमच्या मागील भेटीनंतर काहीही नवीन नाही","",""
"kind.opinion","Opinion","मत","",""
"kind.editorial","Editorial","संपादकीय","",""
"kind.analysis","Analysis","विश्लेषण","",""
"feed.morningName","Good morning, {name}","सुप्रभात, {name}","",""
"feed.afternoonName","Good afternoon, {name}","नमस्कार, {name}","",""
"feed.eveningName","Good evening, {name}","शुभ संध्याकाळ, {name}","",""
"feed.welcomeName","Welcome, {name}","स्वागत आहे, {name}","",""
"feed.welcomeBackName","Welcome back, {name}","पुन्हा स्वागत आहे, {name}","",""
"name.title","What should we call you?","आम्ही तुम्हाला काय म्हणावे?","",""
"name.intro","We greet you by this name. Only you and our team see it.","आम्ही तुम्हाला याच नावाने अभिवादन करू. ते फक्त तुम्ही आणि आमची टीम पाहते.","",""
"name.label","Your name","तुमचे नाव","",""
"name.note","Up to 40 letters. You can change it in Settings.","40 अक्षरांपर्यंत. सेटिंग्जमध्ये बदलू शकता.","",""
"name.empty","Please write a name.","कृपया एक नाव लिहा.","",""
"name.saved","Name saved.","नाव जतन झाले.","",""
"name.continue","Continue","पुढे जा","",""
"name.save","Save name","नाव जतन करा","",""
"settings.restricted","Your account is restricted. You can still read all the news, but following stories, saving settings and suggesting sources are turned off.","तुमच्या खात्यावर निर्बंध आहेत. तुम्ही सर्व बातम्या वाचू शकता, पण बातम्या फॉलो करणे, सेटिंग्ज जतन करणे आणि स्रोत सुचवणे बंद आहे.","",""
"nav.watch","Watch","पाहा","",""
"feed.morning","Good morning","सुप्रभात","",""
"feed.afternoon","Good afternoon","नमस्कार","",""
"feed.evening","Good evening","शुभ संध्याकाळ","",""
"feed.tagline","Every version of the news, side by side. The same for every reader.","बातमीचे प्रत्येक रूप, शेजारी शेजारी. प्रत्येक वाचकासाठी सारखेच.","",""
"home.mostCovered","Most covered today","आज सर्वाधिक प्रसिद्ध झालेल्या बातम्या","",""
"home.mostCoveredNote","By number of outlets reporting it. Never by clicks.","किती माध्यमांनी दिली यावरून. क्लिकवरून कधीच नाही.","",""
"home.coveredBy","Covered by {n} outlets","{n} माध्यमांनी दिली","",""
"home.sourcesLangs","{n} sources · {l} languages","{n} स्रोत · {l} भाषा","",""
"home.sourcesLang1","{n} sources · 1 language","{n} स्रोत · 1 भाषा","",""
"home.prev","Previous story","मागील बातमी","",""
"home.next","Next story","पुढील बातमी","",""
"home.justIn","Just in","आत्ताच आलेल्या","",""
"home.watch","Watch: latest from YouTube","पाहा: यूट्यूबवरील ताज्या","",""
"home.seeAll","See all","सर्व पाहा","",""
"watch.title","Watch","पाहा","",""
"watch.intro","The latest videos from the official YouTube channels we follow, newest first. Each opens on YouTube.","आम्ही फॉलो करत असलेल्या अधिकृत यूट्यूब चॅनेलचे ताजे व्हिडिओ, नवीन आधी. प्रत्येक यूट्यूबवर उघडतो.","",""
"watch.empty","No videos here yet.","इथे अजून व्हिडिओ नाहीत.","",""
"watch.versions","All versions","सर्व रूपे","",""
"search.label","Search headlines","मथळे शोधा","",""
"search.placeholder","Search headlines, places, people…","मथळे, ठिकाणे, व्यक्ती शोधा…","",""
"search.title","Search","शोधा","",""
"search.results","Stories from the last 30 days that mention “{q}”, newest first.","गेल्या 30 दिवसांतील “{q}” असलेल्या बातम्या, नवीन आधी.","",""
"search.empty","No story in the last 30 days mentions that.","गेल्या 30 दिवसांतील कोणत्याही बातमीत हे नाही.","",""
"search.hint","Type at least two letters.","किमान दोन अक्षरे लिहा.","",""
"theme.dark","Switch to dark mode","डार्क मोडवर जा","",""
"theme.light","Switch to light mode","लाइट मोडवर जा","",""
"install.title","Vuaz on your home screen","तुमच्या होम स्क्रीनवर Vuaz","",""
"install.body","Free, no app store. Catch up whenever you like.","मोफत, ॲप स्टोअरची गरज नाही. हवे तेव्हा वाचा.","",""
"install.button","Install the app","ॲप इन्स्टॉल करा","",""
"install.ios","On iPhone: tap Share, then “Add to Home Screen”.","आयफोनवर: Share दाबा, मग “Add to Home Screen”.","",""
"feed.refreshed","News last refreshed: {time}","बातम्या शेवटच्या ताज्या केल्या: {time}","",""
"feed.hintTopic","Showing {topic} news. Tap another topic above to change.","{topic} विषयाच्या बातम्या दाखवत आहोत. बदलण्यासाठी वर दुसरा विषय निवडा.","",""
"feed.firstVisit","Last 7 days","मागील 7 दिवस","",""
"feed.tabInternational","International","आंतरराष्ट्रीय","",""
"feed.tabNational","National","राष्ट्रीय","",""
"feed.tabsLabel","Area","क्षेत्र","",""
"feed.order","Order","क्रम","",""
"feed.orderNote","Order is mechanical and yours to change. We never rank or rate sources.","क्रम यांत्रिक आहे आणि तुम्ही तो बदलू शकता. आम्ही स्रोतांना क्रमांक किंवा रेटिंग देत नाही.","",""
"feed.sources","{n} sources","{n} स्रोत","",""
"feed.source1","1 source so far","आतापर्यंत 1 स्रोत","",""
"feed.reports","{n} reports","{n} वृत्त","",""
"feed.new","New","नवीन","",""
"feed.empty","No stories here yet for your choices.","तुमच्या निवडींसाठी येथे अद्याप बातम्या नाहीत.","",""
"feed.more","Show more","अधिक दाखवा","",""
"feed.firstBy","First reported by {source}","प्रथम प्रकाशित: {source}","",""
"feed.demo","You are looking at sample stories. Connect Supabase (see docs/SETUP.md) to see live news.","तुम्ही नमुना बातम्या पाहत आहात. थेट बातम्यांसाठी Supabase जोडा (docs/SETUP.md पहा).","",""
"feed.edit","Change my choices","माझ्या निवडी बदला","",""
"sort.sources","Most sources first","सर्वाधिक स्रोत आधी","",""
"sort.latest","Latest first","नवीनतम आधी","",""
"sort.random","Random","यादृच्छिक","",""
"sort.earliest","Earliest first","सर्वात जुने आधी","",""
"sort.source","Source name A to Z","स्रोताच्या नावाच्या क्रमाने","",""
"story.back","Back to feed","फीडवर परत","",""
"story.count","{n} reports from {s} sources","{s} स्रोतांकडून {n} वृत्त","",""
"story.follow","Follow this story","ही बातमी फॉलो करा","",""
"story.following","Following","फॉलो करत आहात","",""
"story.unfollow","Stop following","फॉलो करणे थांबवा","",""
"story.signInToFollow","Sign in to follow","फॉलो करण्यासाठी साइन इन करा","",""
"story.filterType","Kind of source","स्रोताचा प्रकार","",""
"story.filterLanguage","Language","भाषा","",""
"story.all","All","सर्व","",""
"story.sort","Order","क्रम","",""
"story.orderNote","We never rank or rate sources. Order is by time unless you change it.","आम्ही स्रोतांना क्रमांक किंवा रेटिंग देत नाही. तुम्ही बदलेपर्यंत क्रम वेळेनुसार आहे.","",""
"story.read","Read at {source}","{source} वर वाचा","",""
"story.watch","Watch on {source}","{source} वर पाहा","",""
"story.ownTranslator","Opens in {language}. To read it in your language, use your phone’s own translator (Google Translate, or Translate in Safari on iPhone).","{language} मध्ये उघडेल. तुमच्या भाषेत वाचण्यासाठी फोनचा अनुवादक वापरा (Google Translate, किंवा iPhone वर Safari मधील अनुवाद).","",""
"tr.from","Translated from {language}","{language} मधून अनुवाद","",""
"tr.showOriginal","Translated by Google · show the original ({language})","Google अनुवाद · मूळ शीर्षक दाखवा ({language})","",""
"story.pictureBy","Picture: {source}","छायाचित्र: {source}","",""
"listen.all","Read aloud","वाचून दाखवा","",""
"listen.one","Listen","ऐका","",""
"listen.stop","Stop","थांबवा","",""
"listen.from","From {source}.","{source} कडून.","",""
"listen.noVoice","Your phone has no {language} voice installed, so some words may be skipped or mispronounced.","तुमच्या फोनमध्ये {language} आवाज नाही; काही शब्द वगळले जाऊ शकतात किंवा चुकीचे उच्चारले जाऊ शकतात.","",""
"story.compare","Compare","तुलना","",""
"story.compareN","Compare side by side ({n})","शेजारी शेजारी तुलना करा ({n})","",""
"story.compareHint","Tick 2 or 3 reports to compare them.","तुलनेसाठी 2 किंवा 3 वृत्त निवडा.","",""
"story.compareMax","You can compare up to 3 at a time.","एका वेळी जास्तीत जास्त 3 ची तुलना करता येते.","",""
"story.wire","Same wire text as {n} other listing(s)","इतर {n} सूचींमध्येही हाच वृत्तसंस्था मजकूर","",""
"story.updated","Headline changed by the source, {time}","स्रोताने मथळा बदलला, {time}","",""
"story.moreComing","New versions appear here as more outlets report. Follow the story to see them in your catch-up.","अधिक संस्था वृत्त देतील तसे नवीन रूपे येथे दिसतील. तुमच्या अपडेटमध्ये पाहण्यासाठी बातमी फॉलो करा.","",""
"story.gone","This story is no longer available. Stories are kept for 30 days.","ही बातमी आता उपलब्ध नाही. बातम्या 30 दिवस ठेवल्या जातात.","",""
"story.noneMatch","No reports match these filters.","या फिल्टरशी जुळणारे वृत्त नाहीत.","",""
"story.firstBy","First reported by {source}, {time}","प्रथम प्रकाशित: {source}, {time}","",""
"ai.ask","Ask your AI","तुमच्या AI ला विचारा","",""
"ai.openWith","Open with","यात उघडा","",""
"ai.note","Opens the assistant you choose with the link only. We add no question or prompt.","तुम्ही निवडलेला सहाय्यक फक्त लिंकसह उघडतो. आम्ही कोणताही प्रश्न किंवा प्रॉम्प्ट जोडत नाही.","",""
"ai.copied","Link copied. Paste it into {name}.","लिंक कॉपी झाली. ती {name} मध्ये पेस्ट करा.","",""
"ai.other","Copy link only","फक्त लिंक कॉपी करा","",""
"compare.title","Side by side","शेजारी शेजारी","",""
"compare.intro","As each source published it.","प्रत्येक स्रोताने प्रकाशित केल्याप्रमाणे.","",""
"compare.headline","Headline","मथळा","",""
"compare.snippet","Opening text","सुरुवातीचा मजकूर","",""
"compare.original","Read original","मूळ वाचा","",""
"compare.askAll","Ask your AI about these","यांच्याबद्दल तुमच्या AI ला विचारा","",""
"compare.none","Pick 2 or 3 reports on a story page to compare them.","तुलनेसाठी बातमीच्या पानावर 2 किंवा 3 वृत्त निवडा.","",""
"compare.backToStory","Back to story","बातमीवर परत","",""
"following.title","Stories you follow","तुम्ही फॉलो करत असलेल्या बातम्या","",""
"following.newSince","{n} new since you last looked","मागील वेळी पाहिल्यापासून {n} नवीन","",""
"following.noNew","No new reports since you last looked","मागील वेळी पाहिल्यापासून नवीन वृत्त नाही","",""
"following.empty","Follow a developing story to see new reports here.","पुढे सरकणारी बातमी फॉलो केल्यास नवीन वृत्त येथे दिसतील.","",""
"following.signIn","Sign in to follow stories.","बातम्या फॉलो करण्यासाठी साइन इन करा.","",""
"archive.title","Archive","संग्रह","",""
"archive.intro","Stories from 8 to 30 days ago. After 30 days they are removed.","8 ते 30 दिवसांपूर्वीच्या बातम्या. 30 दिवसांनंतर त्या काढल्या जातात.","",""
"archive.search","Search headlines","मथळ्यांमध्ये शोधा","",""
"archive.searchButton","Search","शोधा","",""
"archive.empty","Nothing found.","काहीही सापडले नाही.","",""
"sources.title","Our sources","आमचे स्रोत","",""
"sources.intro","Every outlet we collect from. Choosing sources is itself a choice, so the whole list is public and anyone can suggest more.","आम्ही बातम्या गोळा करतो ती प्रत्येक संस्था. स्रोत निवडणे हाही एक निर्णय आहे, म्हणून संपूर्ण यादी सार्वजनिक आहे आणि कोणीही नवीन स्रोत सुचवू शकतो.","",""
"sources.policy","A source is included if it publishes news regularly, can be identified, and is not dedicated to hate or harassment. The same rule applies to every source.","नियमितपणे बातम्या प्रकाशित करणारा, ओळखता येणारा आणि द्वेष किंवा छळासाठीच नसलेला स्रोत समाविष्ट केला जातो. प्रत्येक स्रोताला हाच नियम.","",""
"sources.count","{n} sources","{n} स्रोत","",""
"status.live","Collected","गोळा होत आहे","",""
"status.to_check","Being checked","तपासणी सुरू","",""
"status.broken","Feed not working","फीड काम करत नाही","",""
"status.no_feed","No public feed yet","अद्याप सार्वजनिक फीड नाही","",""
"layer.national","India","भारत","",""
"layer.state","State","राज्य","",""
"layer.international","International","आंतरराष्ट्रीय","",""
"suggest.title","Suggest a source","स्रोत सुचवा","",""
"suggest.name","Outlet or page name","संस्थेचे किंवा पानाचे नाव","",""
"suggest.url","Website (optional)","वेबसाइट (ऐच्छिक)","",""
"suggest.note","Anything we should know (optional)","आम्हाला माहीत असावे असे काही (ऐच्छिक)","",""
"suggest.send","Send suggestion","सूचना पाठवा","",""
"suggest.thanks","Thank you. Every suggestion is checked against the published source rule.","धन्यवाद. प्रत्येक सूचना प्रकाशित स्रोत-नियमानुसार तपासली जाते.","",""
"suggest.signIn","Sign in to suggest a source.","स्रोत सुचवण्यासाठी साइन इन करा.","",""
"suggest.error","Could not send. Please check the name and try again.","पाठवता आले नाही. नाव तपासून पुन्हा प्रयत्न करा.","",""
"login.title","Sign in","साइन इन","",""
"login.intro","Save your choices and follow stories on every device. Reading needs no account.","तुमच्या निवडी जतन करा आणि प्रत्येक डिव्हाइसवर बातम्या फॉलो करा. वाचण्यासाठी खात्याची गरज नाही.","",""
"login.google","Continue with Google","Google सह पुढे जा","",""
"login.error","Sign-in did not work. Please try again.","साइन इन झाले नाही. पुन्हा प्रयत्न करा.","",""
"login.guest","Continue without an account","खात्याशिवाय पुढे जा","",""
"login.notConfigured","Sign-in works once Supabase is connected (see docs/SETUP.md).","Supabase जोडल्यानंतर साइन इन काम करेल (docs/SETUP.md पहा).","",""
"settings.title","Settings","सेटिंग्ज","",""
"settings.reading","What you see","तुम्ही काय पाहता","",""
"settings.app","App","ॲप","",""
"settings.ui","App language","ॲपची भाषा","",""
"settings.ai","Default AI assistant","डीफॉल्ट AI सहाय्यक","",""
"settings.account","Account","खाते","",""
"settings.signedInAs","Signed in as {email}","{email} म्हणून साइन इन","",""
"settings.guest","You are not signed in. Your choices are saved on this device only.","तुम्ही साइन इन केलेले नाही. तुमच्या निवडी फक्त या डिव्हाइसवर जतन होतात.","",""
"settings.signOut","Sign out","साइन आउट","",""
"settings.delete","Delete my account","माझे खाते हटवा","",""
"settings.deleteConfirm","This deletes your account, choices and follows for good. Type DELETE to confirm.","यामुळे तुमचे खाते, निवडी आणि फॉलो कायमचे हटतील. खात्री करण्यासाठी DELETE टाइप करा.","",""
"settings.deleteButton","Delete account","खाते हटवा","",""
"settings.inactive","Accounts unused for 12 months are deleted automatically. The app never sends email.","12 महिने न वापरलेली खाती आपोआप हटवली जातात. ॲप कधीही ईमेल पाठवत नाही.","",""
"group.newspaper","Newspaper","वृत्तपत्र","",""
"group.tv","TV","टीव्ही","",""
"group.digital","Digital","डिजिटल","",""
"group.community","Community","समुदाय","",""
"group.government","Government","सरकार","",""
"group.international","International","आंतरराष्ट्रीय","",""
"group.video","YouTube","यूट्यूब","",""
"footer.rule","We never rank, rate or rewrite sources.","आम्ही स्रोतांना कधीही क्रमांक, रेटिंग देत नाही किंवा त्यांचे शब्द बदलत नाही.","",""
"footer.about","How it works","हे कसे काम करते","",""
"footer.sources","Our sources","आमचे स्रोत","",""
"footer.grievance","Grievances and takedowns","तक्रारी आणि काढण्याच्या विनंत्या","",""
"footer.privacy","Privacy","गोपनीयता","",""
"footer.terms","Terms","अटी","",""
"notFound.title","Page not found","पान सापडले नाही","",""
"notFound.back","Go to your feed","तुमच्या फीडवर जा","",""
"error.title","Something went wrong","काहीतरी चुकले","",""
"error.retry","Try again","पुन्हा प्रयत्न करा","",""
"common.loading","Loading…","लोड होत आहे…","",""
"common.close","Close","बंद करा","",""
"topic name: politics","Politics","राजकारण","",""
"topic name: business","Business","व्यवसाय","",""
"topic name: tech","Tech","तंत्रज्ञान","",""
"topic name: sports","Sports","क्रीडा","",""
"topic name: farming","Farming","शेती","",""
"topic name: education","Education & jobs","शिक्षण व नोकऱ्या","",""
"topic name: health","Health","आरोग्य","",""
"topic name: cinema","Cinema","सिनेमा","",""
"topic name: crime","Crime","गुन्हे","",""
"topic name: auto","Automobile","वाहन","",""
"topic name: lifestyle","Lifestyle","जीवनशैली","",""
"topic name: fashion","Fashion","फॅशन","",""
"topic name: food","Food","खाद्य","",""
"topic name: travel","Travel","प्रवास","",""
"topic name: environment","Environment & weather","पर्यावरण व हवामान","",""
"topic name: religion","Religion & festivals","धर्म व सण","",""
"topic name: accidents","Accidents","अपघात","",""
"topic name: space","Space","अंतराळ","",""
"topic name: gaming","Gaming","गेमिंग","",""
"state name: tg","Telangana","तेलंगणा","",""
"state name: ap","Andhra Pradesh","आंध्र प्रदेश","",""
"state name: ar","Arunachal Pradesh","अरुणाचल प्रदेश","",""
"state name: as","Assam","आसाम","",""
"state name: br","Bihar","बिहार","",""
"state name: cg","Chhattisgarh","छत्तीसगड","",""
"state name: ga","Goa","गोवा","",""
"state name: gj","Gujarat","गुजरात","",""
"state name: hr","Haryana","हरियाणा","",""
"state name: hp","Himachal Pradesh","हिमाचल प्रदेश","",""
"state name: jh","Jharkhand","झारखंड","",""
"state name: ka","Karnataka","कर्नाटक","",""
"state name: kl","Kerala","केरळ","",""
"state name: mp","Madhya Pradesh","मध्य प्रदेश","",""
"state name: mh","Maharashtra","महाराष्ट्र","",""
"state name: mn","Manipur","मणिपूर","",""
"state name: ml","Meghalaya","मेघालय","",""
"state name: mz","Mizoram","मिझोराम","",""
"state name: nl","Nagaland","नागालँड","",""
"state name: od","Odisha","ओडिशा","",""
"state name: pb","Punjab","पंजाब","",""
"state name: rj","Rajasthan","राजस्थान","",""
"state name: sk","Sikkim","सिक्कीम","",""
"state name: tn","Tamil Nadu","तमिळनाडू","",""
"state name: tr","Tripura","त्रिपुरा","",""
"state name: up","Uttar Pradesh","उत्तर प्रदेश","",""
"state name: uk","Uttarakhand","उत्तराखंड","",""
"state name: wb","West Bengal","पश्चिम बंगाल","",""
"state name: an","Andaman and Nicobar Islands","अंदमान आणि निकोबार बेटे","",""
"state name: ch","Chandigarh","चंदीगड","",""
"state name: dn","Dadra and Nagar Haveli and Daman and Diu","दादरा आणि नगर हवेली आणि दमण आणि दीव","",""
"state name: dl","Delhi","दिल्ली","",""
"state name: jk","Jammu and Kashmir","जम्मू आणि काश्मीर","",""
"state name: la","Ladakh","लडाख","",""
"state name: ld","Lakshadweep","लक्षद्वीप","",""
"state name: py","Puducherry","पुदुच्चेरी","",""
