"Where (key)","English","ଓଡ଼ିଆ: current draft","Your correction (leave empty if fine)","Notes"
"tagline","Every version of the news, at your time","ପ୍ରତ୍ୟେକ ଖବରର ସବୁ ରୂପ, ଆପଣଙ୍କ ସମୟରେ","",""
"nav.feed","Feed","ଫିଡ୍","",""
"nav.following","Following","ଫଲୋ","",""
"nav.archive","Archive","ଅଭିଲେଖ","",""
"nav.sources","Our sources","ଆମର ଉତ୍ସ","",""
"nav.about","How it works","ଏହା କିପରି କାମ କରେ","",""
"nav.signin","Sign in","ସାଇନ୍ ଇନ୍","",""
"nav.settings","Settings","ସେଟିଂସ୍","",""
"nav.menu","Main menu","ମୁଖ୍ୟ ମେନୁ","",""
"welcome.title","Every version of the news, at your time","ପ୍ରତ୍ୟେକ ଖବରର ସବୁ ରୂପ, ଆପଣଙ୍କ ସମୟରେ","",""
"welcome.intro","Choose your state. International and National news is the same for everyone: every public source, untouched, with a link to each original.","ଆପଣଙ୍କ ରାଜ୍ୟ ବାଛନ୍ତୁ। ଆନ୍ତର୍ଜାତୀୟ ଓ ଜାତୀୟ ଖବର ସମସ୍ତଙ୍କ ପାଇଁ ସମାନ: ପ୍ରତିଟି ସାର୍ବଜନୀନ ଉତ୍ସ, ଅପରିବର୍ତ୍ତିତ, ପ୍ରତିଟି ମୂଳ ଲେଖାର ଲିଙ୍କ ସହ।","",""
"welcome.signin","Already have an account? Sign in","ପୂର୍ବରୁ ଆକାଉଣ୍ଟ ଅଛି? ସାଇନ୍ ଇନ୍ କରନ୍ତୁ","",""
"prefs.topics","Topics","ବିଷୟ","",""
"prefs.places","Your state","ଆପଣଙ୍କ ରାଜ୍ୟ","",""
"prefs.state","State","ରାଜ୍ୟ","",""
"prefs.chooseState","Choose your state","ଆପଣଙ୍କ ରାଜ୍ୟ ବାଛନ୍ତୁ","",""
"feed.chooseState","Choose your state to see its news. You can change it at any time.","ଆପଣଙ୍କ ରାଜ୍ୟର ଖବର ଦେଖିବାକୁ ରାଜ୍ୟ ବାଛନ୍ତୁ। ଯେକୌଣସି ସମୟରେ ବଦଳାଇ ପାରିବେ।","",""
"prefs.statePilot","Every state is treated alike: its own outlets, in its languages and English, plus national outlets’ coverage of it. You can switch state at any time.","ପ୍ରତ୍ୟେକ ରାଜ୍ୟ ସହ ସମାନ ବ୍ୟବହାର: ସେହି ରାଜ୍ୟର ନିଜସ୍ୱ ଖବର ମାଧ୍ୟମ (ତାର ଭାଷା ଓ ଇଂରାଜୀରେ) ଏବଂ ଜାତୀୟ ମାଧ୍ୟମରେ ତାର ଖବର। ଆପଣ ଯେକୌଣସି ସମୟରେ ରାଜ୍ୟ ବଦଳାଇ ପାରିବେ।","",""
"prefs.hideCrime","Hide crime and accident stories","ଅପରାଧ ଓ ଦୁର୍ଘଟଣା ଖବର ଲୁଚାନ୍ତୁ","",""
"prefs.hideCrimeHint","Your choice. We never hide anything on our own.","ଏହା କେବଳ ଆପଣଙ୍କ ପସନ୍ଦ। ଆମେ ନିଜେ କିଛି ଲୁଚାଉ ନାହିଁ।","",""
"prefs.save","Show my news","ମୋ ଖବର ଦେଖାନ୍ତୁ","",""
"prefs.saveSettings","Save","ସଞ୍ଚୟ କରନ୍ତୁ","",""
"prefs.saved","Saved","ସଞ୍ଚୟ ହେଲା","",""
"prefs.topicOrder","Order of topic buttons","ବିଷୟ ବଟନର କ୍ରମ","",""
"prefs.topicOrderHint","Put the topics you check most first. This only moves the buttons on your feed: all news still shows.","ଆପଣ ଅଧିକ ଦେଖୁଥିବା ବିଷୟକୁ ଆଗରେ ରଖନ୍ତୁ। ଏହା ଫିଡରେ କେବଳ ବଟନ ଘୁଞ୍ଚାଏ: ସବୁ ଖବର ଦେଖାଯାଉଥିବ।","",""
"prefs.moveUp","Move {topic} up","{topic} ଉପରକୁ ଘୁଞ୍ଚାନ୍ତୁ","",""
"prefs.moveDown","Move {topic} down","{topic} ତଳକୁ ଘୁଞ୍ଚାନ୍ତୁ","",""
"prefs.resetOrder","Reset to the standard order","ସାଧାରଣ କ୍ରମକୁ ଫେରନ୍ତୁ","",""
"feed.arrange","Arrange","ସଜାନ୍ତୁ","",""
"feed.arrangeHint","Drag the topics into the order you like (or use the arrow keys), then Save. This only moves the buttons: all news still shows.","ବିଷୟଗୁଡ଼ିକୁ ଟାଣି ଆପଣଙ୍କ ପସନ୍ଦର କ୍ରମରେ ରଖନ୍ତୁ (କିମ୍ବା ତୀର କି ବ୍ୟବହାର କରନ୍ତୁ), ତା’ପରେ ସେଭ୍ କରନ୍ତୁ। ଏହା କେବଳ ବଟନ ଘୁଞ୍ଚାଏ: ସବୁ ଖବର ଦେଖାଯାଏ।","",""
"feed.title","Your news","ଆପଣଙ୍କ ଖବର","",""
"feed.since","Since your last visit, {time}","ଆପଣଙ୍କ ଶେଷ ଭ୍ରମଣ {time} ଠାରୁ","",""
"weather.pageTitle","Weather in every state","ପ୍ରତ୍ୟେକ ରାଜ୍ୟର ପାଣିପାଗ","",""
"weather.note","At each state's and union territory's capital, not your location. Refreshed every 30 minutes.","ପ୍ରତ୍ୟେକ ରାଜ୍ୟ ଓ କେନ୍ଦ୍ରଶାସିତ ଅଞ୍ଚଳର ରାଜଧାନୀର, ଆପଣଙ୍କ ସ୍ଥାନର ନୁହେଁ। ପ୍ରତି 30 ମିନିଟରେ ନୂଆ।","",""
"weather.range","{low}°–{high}° in the next 24 h","ଆଗାମୀ 24 ଘଣ୍ଟାରେ {low}°–{high}°","",""
"weather.allStates","All states","ସବୁ ରାଜ୍ୟ","",""
"weather.credit","Weather data: MET Norway, converted to words and rounded","ପାଣିପାଗ ତଥ୍ୟ: MET Norway, ଶବ୍ଦରେ ବଦଳାଯାଇ ଓ ପୂର୍ଣ୍ଣାଙ୍କ","",""
"weather.updated","Forecast made {time}","ପୂର୍ବାନୁମାନ: {time}","",""
"weather.unavailable","Not available right now","ଏବେ ଉପଲବ୍ଧ ନାହିଁ","",""
"sky.clear","Clear","ପରିଷ୍କାର","",""
"sky.partly","Partly cloudy","ଆଂଶିକ ମେଘୁଆ","",""
"sky.cloudy","Cloudy","ମେଘୁଆ","",""
"sky.fog","Fog","କୁହୁଡ଼ି","",""
"sky.rain","Rain","ବର୍ଷା","",""
"sky.heavyRain","Heavy rain","ପ୍ରବଳ ବର୍ଷା","",""
"sky.thunder","Thunderstorm","ବଜ୍ରପାତ ସହ ବର୍ଷା","",""
"sky.snow","Snow","ବରଫ","",""
"intro.title","How Vuaz works","Vuaz କିପରି କାମ କରେ","",""
"intro.one","Each story brings together every outlet's report on it: newspapers, TV and websites, in many languages.","ପ୍ରତ୍ୟେକ ଖବରରେ ସେ ବିଷୟରେ ପ୍ରତ୍ୟେକ ଗଣମାଧ୍ୟମର ରିପୋର୍ଟ ଗୋଟିଏ ଜାଗାରେ: ଖବରକାଗଜ, ଟିଭି ଓ ୱେବସାଇଟ, ଅନେକ ଭାଷାରେ।","",""
"intro.two","Open a story to see how each outlet headlined it, and compare them side by side.","ଖବରଟି ଖୋଲି ଦେଖନ୍ତୁ କିଏ କି ଶିରୋନାମା ଦେଇଛି, ଓ ପାଖାପାଖି ତୁଳନା କରନ୍ତୁ।","",""
"intro.three","We never rank, rate, summarise or rewrite the news. Every report links to the original.","ଆମେ ଖବରକୁ କ୍ରମ, ରେଟିଂ, ସାରାଂଶ ଦେଉନାହୁଁ କି ବଦଳାଉନାହୁଁ। ପ୍ରତ୍ୟେକ ରିପୋର୍ଟ ମୂଳ ସହ ଯୋଡ଼ା।","",""
"card.versions","See all versions","ସବୁ ରୂପ ଦେଖନ୍ତୁ","",""
"story.headlined","How they headlined it","କିଏ କି ଶିରୋନାମା ଦେଲା","",""
"story.headlinedNote","The first report in each language, then the earliest from other outlets, in their own words. Every report is listed below.","ପ୍ରତ୍ୟେକ ଭାଷାର ପ୍ରଥମ ରିପୋର୍ଟ, ତା'ପରେ ଅନ୍ୟ ଗଣମାଧ୍ୟମର ସବୁଠୁ ଆଗ, ସେମାନଙ୍କ ନିଜ ଶବ୍ଦରେ। ସବୁ ରିପୋର୍ଟ ତଳେ ଅଛି।","",""
"feed.nothingNew","Nothing new since your last visit","ଆପଣଙ୍କ ଶେଷ ପରିଦର୍ଶନ ପରେ କିଛି ନୂଆ ନାହିଁ","",""
"kind.opinion","Opinion","ମତାମତ","",""
"kind.editorial","Editorial","ସମ୍ପାଦକୀୟ","",""
"kind.analysis","Analysis","ବିଶ୍ଳେଷଣ","",""
"feed.morningName","Good morning, {name}","ସୁପ୍ରଭାତ, {name}","",""
"feed.afternoonName","Good afternoon, {name}","ଶୁଭ ଅପରାହ୍ନ, {name}","",""
"feed.eveningName","Good evening, {name}","ଶୁଭ ସନ୍ଧ୍ୟା, {name}","",""
"feed.welcomeName","Welcome, {name}","ସ୍ୱାଗତ, {name}","",""
"feed.welcomeBackName","Welcome back, {name}","ପୁଣି ସ୍ୱାଗତ, {name}","",""
"name.title","What should we call you?","ଆମେ ଆପଣଙ୍କୁ କେଉଁ ନାମରେ ଡାକିବୁ?","",""
"name.intro","We greet you by this name. Only you and our team see it.","ଏହି ନାମରେ ଆମେ ଆପଣଙ୍କୁ ସ୍ୱାଗତ କରିବୁ। ଏହାକୁ କେବଳ ଆପଣ ଓ ଆମ ଦଳ ଦେଖନ୍ତି।","",""
"name.label","Your name","ଆପଣଙ୍କ ନାମ","",""
"name.note","Up to 40 letters. You can change it in Settings.","40 ଅକ୍ଷର ପର୍ଯ୍ୟନ୍ତ। ସେଟିଂସରେ ବଦଳାଇପାରିବେ।","",""
"name.empty","Please write a name.","ଦୟାକରି ଏକ ନାମ ଲେଖନ୍ତୁ।","",""
"name.saved","Name saved.","ନାମ ସେଭ ହେଲା।","",""
"name.continue","Continue","ଆଗକୁ ଯାଆନ୍ତୁ","",""
"name.save","Save name","ନାମ ସେଭ କରନ୍ତୁ","",""
"settings.restricted","Your account is restricted. You can still read all the news, but following stories, saving settings and suggesting sources are turned off.","ଆପଣଙ୍କ ଖାତା ସୀମିତ କରାଯାଇଛି। ଆପଣ ସମସ୍ତ ଖବର ପଢ଼ିପାରିବେ, କିନ୍ତୁ ଖବର ଫଲୋ କରିବା, ସେଟିଂସ ସେଭ କରିବା ଓ ଉତ୍ସ ପରାମର୍ଶ ଦେବା ବନ୍ଦ ଅଛି।","",""
"nav.watch","Watch","ଦେଖନ୍ତୁ","",""
"feed.morning","Good morning","ସୁପ୍ରଭାତ","",""
"feed.afternoon","Good afternoon","ଶୁଭ ଅପରାହ୍ନ","",""
"feed.evening","Good evening","ଶୁଭ ସନ୍ଧ୍ୟା","",""
"feed.tagline","Every version of the news, side by side. The same for every reader.","ଖବରର ପ୍ରତ୍ୟେକ ରୂପ, ପାଖାପାଖି। ପ୍ରତ୍ୟେକ ପାଠକଙ୍କ ପାଇଁ ସମାନ।","",""
"home.mostCovered","Most covered today","ଆଜି ସବୁଠାରୁ ଅଧିକ ପ୍ରକାଶିତ ଖବର","",""
"home.mostCoveredNote","By number of outlets reporting it. Never by clicks.","କେତେ ଗଣମାଧ୍ୟମ ପ୍ରକାଶ କଲେ ସେହି ଅନୁସାରେ। କ୍ଲିକ୍ ଅନୁସାରେ କେବେ ନୁହେଁ।","",""
"home.coveredBy","Covered by {n} outlets","{n}ଟି ଗଣମାଧ୍ୟମ ପ୍ରକାଶ କରିଛନ୍ତି","",""
"home.sourcesLangs","{n} sources · {l} languages","{n} ସୂତ୍ର · {l} ଭାଷା","",""
"home.sourcesLang1","{n} sources · 1 language","{n} ସୂତ୍ର · 1 ଭାଷା","",""
"home.prev","Previous story","ପୂର୍ବ ଖବର","",""
"home.next","Next story","ପର ଖବର","",""
"home.justIn","Just in","ଏହିକ୍ଷଣି","",""
"home.watch","Watch: latest from YouTube","ଦେଖନ୍ତୁ: ୟୁଟ୍ୟୁବରୁ ସଦ୍ୟତମ","",""
"home.seeAll","See all","ସବୁ ଦେଖନ୍ତୁ","",""
"watch.title","Watch","ଦେଖନ୍ତୁ","",""
"watch.intro","The latest videos from the official YouTube channels we follow, newest first. Each opens on YouTube.","ଆମେ ଅନୁସରଣ କରୁଥିବା ସରକାରୀ ୟୁଟ୍ୟୁବ ଚ୍ୟାନେଲର ସଦ୍ୟତମ ଭିଡିଓ, ନୂଆ ଆଗରେ। ପ୍ରତ୍ୟେକ ୟୁଟ୍ୟୁବରେ ଖୋଲେ।","",""
"watch.empty","No videos here yet.","ଏଠାରେ ଏପର୍ଯ୍ୟନ୍ତ କୌଣସି ଭିଡିଓ ନାହିଁ।","",""
"watch.versions","All versions","ସବୁ ରୂପ","",""
"search.label","Search headlines","ଶିରୋନାମା ଖୋଜନ୍ତୁ","",""
"search.placeholder","Search headlines, places, people…","ଶିରୋନାମା, ସ୍ଥାନ, ଲୋକ ଖୋଜନ୍ତୁ…","",""
"search.title","Search","ଖୋଜନ୍ତୁ","",""
"search.results","Stories from the last 30 days that mention “{q}”, newest first.","ଗତ 30 ଦିନର ଖବର ଯେଉଁଥିରେ “{q}” ଅଛି, ନୂଆ ଆଗରେ।","",""
"search.empty","No story in the last 30 days mentions that.","ଗତ 30 ଦିନର କୌଣସି ଖବରରେ ଏହା ନାହିଁ।","",""
"search.hint","Type at least two letters.","ଅନ୍ତତଃ ଦୁଇଟି ଅକ୍ଷର ଲେଖନ୍ତୁ।","",""
"theme.dark","Switch to dark mode","ଡାର୍କ ମୋଡକୁ ଯାଆନ୍ତୁ","",""
"theme.light","Switch to light mode","ଲାଇଟ ମୋଡକୁ ଯାଆନ୍ତୁ","",""
"install.title","Vuaz on your home screen","ଆପଣଙ୍କ ହୋମ ସ୍କ୍ରିନରେ Vuaz","",""
"install.body","Free, no app store. Catch up whenever you like.","ମାଗଣା, ଆପ୍ ଷ୍ଟୋର ଦରକାର ନାହିଁ। ଯେତେବେଳେ ଚାହିଁବେ ପଢ଼ନ୍ତୁ।","",""
"install.button","Install the app","ଆପ୍ ଇନଷ୍ଟଲ କରନ୍ତୁ","",""
"install.ios","On iPhone: tap Share, then “Add to Home Screen”.","ଆଇଫୋନରେ: Share ଦବାନ୍ତୁ, ତା’ପରେ “Add to Home Screen”।","",""
"feed.refreshed","News last refreshed: {time}","ଖବର ଶେଷଥର ଅଦ୍ୟତନ: {time}","",""
"feed.hintTopic","Showing {topic} news. Tap another topic above to change.","{topic} ଖବର ଦେଖାଯାଉଛି। ବଦଳାଇବାକୁ ଉପରେ ଅନ୍ୟ ବିଷୟ ଦବାନ୍ତୁ।","",""
"feed.firstVisit","Last 7 days","ଗତ 7 ଦିନ","",""
"feed.tabInternational","International","ଆନ୍ତର୍ଜାତୀୟ","",""
"feed.tabNational","National","ଜାତୀୟ","",""
"feed.tabsLabel","Area","ଅଞ୍ଚଳ","",""
"feed.order","Order","କ୍ରମ","",""
"feed.orderNote","Order is mechanical and yours to change. We never rank or rate sources.","କ୍ରମ ଯାନ୍ତ୍ରିକ ଏବଂ ଆପଣ ବଦଳାଇ ପାରିବେ। ଆମେ ଉତ୍ସକୁ ର‍୍ୟାଙ୍କ ବା ରେଟିଂ ଦେଉ ନାହିଁ।","",""
"feed.sources","{n} sources","{n}ଟି ଉତ୍ସ","",""
"feed.source1","1 source so far","ଏପର୍ଯ୍ୟନ୍ତ 1ଟି ଉତ୍ସ","",""
"feed.reports","{n} reports","{n}ଟି ରିପୋର୍ଟ","",""
"feed.new","New","ନୂଆ","",""
"feed.empty","No stories here yet for your choices.","ଆପଣଙ୍କ ପସନ୍ଦ ପାଇଁ ଏଠାରେ ଏପର୍ଯ୍ୟନ୍ତ କୌଣସି ଖବର ନାହିଁ।","",""
"feed.more","Show more","ଅଧିକ ଦେଖାନ୍ତୁ","",""
"feed.firstBy","First reported by {source}","ପ୍ରଥମେ ପ୍ରକାଶ: {source}","",""
"feed.demo","You are looking at sample stories. Connect Supabase (see docs/SETUP.md) to see live news.","ଆପଣ ନମୁନା ଖବର ଦେଖୁଛନ୍ତି। ଲାଇଭ୍ ଖବର ପାଇଁ Supabase ଯୋଡ଼ନ୍ତୁ (docs/SETUP.md ଦେଖନ୍ତୁ)।","",""
"feed.edit","Change my choices","ମୋ ପସନ୍ଦ ବଦଳାନ୍ତୁ","",""
"sort.sources","Most sources first","ସର୍ବାଧିକ ଉତ୍ସ ପ୍ରଥମେ","",""
"sort.latest","Latest first","ନୂଆ ପ୍ରଥମେ","",""
"sort.random","Random","ଯାଦୃଚ୍ଛିକ","",""
"sort.earliest","Earliest first","ପୁରୁଣା ପ୍ରଥମେ","",""
"sort.source","Source name A to Z","ଉତ୍ସ ନାମ କ୍ରମରେ","",""
"story.back","Back to feed","ଫିଡ୍‌କୁ ଫେରନ୍ତୁ","",""
"story.count","{n} reports from {s} sources","{s}ଟି ଉତ୍ସରୁ {n}ଟି ରିପୋର୍ଟ","",""
"story.follow","Follow this story","ଏହି ଖବର ଫଲୋ କରନ୍ତୁ","",""
"story.following","Following","ଫଲୋ କରୁଛନ୍ତି","",""
"story.unfollow","Stop following","ଫଲୋ ବନ୍ଦ କରନ୍ତୁ","",""
"story.signInToFollow","Sign in to follow","ଫଲୋ କରିବାକୁ ସାଇନ୍ ଇନ୍ କରନ୍ତୁ","",""
"story.filterType","Kind of source","ଉତ୍ସର ପ୍ରକାର","",""
"story.filterLanguage","Language","ଭାଷା","",""
"story.all","All","ସବୁ","",""
"story.sort","Order","କ୍ରମ","",""
"story.orderNote","We never rank or rate sources. Order is by time unless you change it.","ଆମେ ଉତ୍ସକୁ ର‍୍ୟାଙ୍କ ବା ରେଟିଂ ଦେଉ ନାହିଁ। ଆପଣ ନ ବଦଳାଇବା ପର୍ଯ୍ୟନ୍ତ କ୍ରମ ସମୟ ଅନୁସାରେ।","",""
"story.read","Read at {source}","{source}ରେ ପଢ଼ନ୍ତୁ","",""
"story.watch","Watch on {source}","{source}ରେ ଦେଖନ୍ତୁ","",""
"story.ownTranslator","Opens in {language}. To read it in your language, use your phone’s own translator (Google Translate, or Translate in Safari on iPhone).","{language}ରେ ଖୋଲିବ। ନିଜ ଭାଷାରେ ପଢ଼ିବା ପାଇଁ ଫୋନ୍‌ର ଅନୁବାଦକ ବ୍ୟବହାର କରନ୍ତୁ (Google Translate, କିମ୍ବା iPhoneରେ Safari ଅନୁବାଦ)।","",""
"tr.from","Translated from {language}","{language}ରୁ ଅନୁବାଦ","",""
"tr.showOriginal","Translated by Google · show the original ({language})","Google ଅନୁବାଦ · ମୂଳ ଶୀର୍ଷକ ଦେଖାନ୍ତୁ ({language})","",""
"story.pictureBy","Picture: {source}","ଛବି: {source}","",""
"listen.all","Read aloud","ପଢ଼ି ଶୁଣାନ୍ତୁ","",""
"listen.one","Listen","ଶୁଣନ୍ତୁ","",""
"listen.stop","Stop","ବନ୍ଦ କରନ୍ତୁ","",""
"listen.from","From {source}.","{source}ରୁ।","",""
"listen.noVoice","Your phone has no {language} voice installed, so some words may be skipped or mispronounced.","ଆପଣଙ୍କ ଫୋନରେ {language} ସ୍ୱର ନାହିଁ; କିଛି ଶବ୍ଦ ବାଦ ପଡ଼ିପାରେ କିମ୍ବା ଭୁଲ ଉଚ୍ଚାରଣ ହୋଇପାରେ।","",""
"story.compare","Compare","ତୁଳନା","",""
"story.compareN","Compare side by side ({n})","ପାଖାପାଖି ତୁଳନା କରନ୍ତୁ ({n})","",""
"story.compareHint","Tick 2 or 3 reports to compare them.","ତୁଳନା ପାଇଁ 2 ବା 3ଟି ରିପୋର୍ଟ ବାଛନ୍ତୁ।","",""
"story.compareMax","You can compare up to 3 at a time.","ଥରକେ ସର୍ବାଧିକ 3ଟି ତୁଳନା କରିପାରିବେ।","",""
"story.wire","Same wire text as {n} other listing(s)","ଆଉ {n}ଟି ତାଲିକାରେ ସମାନ ସମ୍ବାଦ ସଂସ୍ଥା ଲେଖା","",""
"story.updated","Headline changed by the source, {time}","ଉତ୍ସ ଶିରୋନାମା ବଦଳାଇଛି, {time}","",""
"story.moreComing","New versions appear here as more outlets report. Follow the story to see them in your catch-up.","ଅଧିକ ସଂସ୍ଥା ରିପୋର୍ଟ କଲେ ନୂଆ ରୂପ ଏଠାରେ ଦେଖାଯିବ। ଆପଣଙ୍କ ଅପଡେଟ୍‌ରେ ଦେଖିବାକୁ ଖବର ଫଲୋ କରନ୍ତୁ।","",""
"story.gone","This story is no longer available. Stories are kept for 30 days.","ଏହି ଖବର ଆଉ ଉପଲବ୍ଧ ନାହିଁ। ଖବର 30 ଦିନ ରଖାଯାଏ।","",""
"story.noneMatch","No reports match these filters.","ଏହି ଫିଲ୍ଟର ସହ ମେଳ ଖାଉଥିବା ରିପୋର୍ଟ ନାହିଁ।","",""
"story.firstBy","First reported by {source}, {time}","ପ୍ରଥମେ ପ୍ରକାଶ: {source}, {time}","",""
"ai.ask","Ask your AI","ଆପଣଙ୍କ AIକୁ ପଚାରନ୍ତୁ","",""
"ai.openWith","Open with","ଏଥିରେ ଖୋଲନ୍ତୁ","",""
"ai.note","Opens the assistant you choose with the link only. We add no question or prompt.","ଆପଣ ବାଛିଥିବା ସହାୟକରେ କେବଳ ଲିଙ୍କ୍ ଖୋଲେ। ଆମେ କୌଣସି ପ୍ରଶ୍ନ ବା ପ୍ରମ୍ପଟ୍ ଯୋଡ଼ୁ ନାହିଁ।","",""
"ai.copied","Link copied. Paste it into {name}.","ଲିଙ୍କ୍ କପି ହେଲା। ଏହାକୁ {name}ରେ ପେଷ୍ଟ କରନ୍ତୁ।","",""
"ai.other","Copy link only","କେବଳ ଲିଙ୍କ୍ କପି କରନ୍ତୁ","",""
"compare.title","Side by side","ପାଖାପାଖି","",""
"compare.intro","As each source published it.","ପ୍ରତ୍ୟେକ ଉତ୍ସ ଯେପରି ପ୍ରକାଶ କରିଛି।","",""
"compare.headline","Headline","ଶିରୋନାମା","",""
"compare.snippet","Opening text","ଆରମ୍ଭ ଲେଖା","",""
"compare.original","Read original","ମୂଳ ପଢ଼ନ୍ତୁ","",""
"compare.askAll","Ask your AI about these","ଏଗୁଡ଼ିକ ବିଷୟରେ ଆପଣଙ୍କ AIକୁ ପଚାରନ୍ତୁ","",""
"compare.none","Pick 2 or 3 reports on a story page to compare them.","ତୁଳନା ପାଇଁ କୌଣସି ଖବର ପୃଷ୍ଠାରେ 2 ବା 3ଟି ରିପୋର୍ଟ ବାଛନ୍ତୁ।","",""
"compare.backToStory","Back to story","ଖବରକୁ ଫେରନ୍ତୁ","",""
"following.title","Stories you follow","ଆପଣ ଫଲୋ କରୁଥିବା ଖବର","",""
"following.newSince","{n} new since you last looked","ଶେଷଥର ଦେଖିବା ପରେ {n}ଟି ନୂଆ","",""
"following.noNew","No new reports since you last looked","ଶେଷଥର ଦେଖିବା ପରେ କୌଣସି ନୂଆ ରିପୋର୍ଟ ନାହିଁ","",""
"following.empty","Follow a developing story to see new reports here.","ଚାଲୁଥିବା କୌଣସି ଖବର ଫଲୋ କଲେ ନୂଆ ରିପୋର୍ଟ ଏଠାରେ ଦେଖାଯିବ।","",""
"following.signIn","Sign in to follow stories.","ଖବର ଫଲୋ କରିବାକୁ ସାଇନ୍ ଇନ୍ କରନ୍ତୁ।","",""
"archive.title","Archive","ଅଭିଲେଖ","",""
"archive.intro","Stories from 8 to 30 days ago. After 30 days they are removed.","8 ରୁ 30 ଦିନ ପୁରୁଣା ଖବର। 30 ଦିନ ପରେ ଏଗୁଡ଼ିକ ହଟାଯାଏ।","",""
"archive.search","Search headlines","ଶିରୋନାମାରେ ଖୋଜନ୍ତୁ","",""
"archive.searchButton","Search","ଖୋଜନ୍ତୁ","",""
"archive.empty","Nothing found.","କିଛି ମିଳିଲା ନାହିଁ।","",""
"sources.title","Our sources","ଆମର ଉତ୍ସ","",""
"sources.intro","Every outlet we collect from. Choosing sources is itself a choice, so the whole list is public and anyone can suggest more.","ଯେଉଁ ପ୍ରତ୍ୟେକ ସଂସ୍ଥାରୁ ଆମେ ଖବର ସଂଗ୍ରହ କରୁ। ଉତ୍ସ ବାଛିବା ମଧ୍ୟ ଏକ ନିଷ୍ପତ୍ତି, ତେଣୁ ସମ୍ପୂର୍ଣ୍ଣ ତାଲିକା ସାର୍ବଜନୀନ ଏବଂ ଯେକେହି ନୂଆ ଉତ୍ସ ପରାମର୍ଶ ଦେଇପାରିବେ।","",""
"sources.policy","A source is included if it publishes news regularly, can be identified, and is not dedicated to hate or harassment. The same rule applies to every source.","ଯେଉଁ ଉତ୍ସ ନିୟମିତ ଖବର ପ୍ରକାଶ କରେ, ଚିହ୍ନଟ ହୋଇପାରେ ଏବଂ ଘୃଣା ବା ହଇରାଣ ପାଇଁ ଉଦ୍ଦିଷ୍ଟ ନୁହେଁ, ତାହା ସାମିଲ ହୁଏ। ପ୍ରତ୍ୟେକ ଉତ୍ସ ପାଇଁ ସମାନ ନିୟମ।","",""
"sources.count","{n} sources","{n}ଟି ଉତ୍ସ","",""
"status.live","Collected","ସଂଗ୍ରହ ହେଉଛି","",""
"status.to_check","Being checked","ଯାଞ୍ଚ ଚାଲିଛି","",""
"status.broken","Feed not working","ଫିଡ୍ କାମ କରୁନାହିଁ","",""
"status.no_feed","No public feed yet","ଏପର୍ଯ୍ୟନ୍ତ କୌଣସି ସାର୍ବଜନୀନ ଫିଡ୍ ନାହିଁ","",""
"layer.national","India","ଭାରତ","",""
"layer.state","State","ରାଜ୍ୟ","",""
"layer.international","International","ଆନ୍ତର୍ଜାତୀୟ","",""
"suggest.title","Suggest a source","ଏକ ଉତ୍ସ ପରାମର୍ଶ ଦିଅନ୍ତୁ","",""
"suggest.name","Outlet or page name","ସଂସ୍ଥା ବା ପୃଷ୍ଠାର ନାମ","",""
"suggest.url","Website (optional)","ୱେବସାଇଟ୍ (ବୈକଳ୍ପିକ)","",""
"suggest.note","Anything we should know (optional)","ଆମେ ଜାଣିବା ଦରକାର ଏପରି କିଛି (ବୈକଳ୍ପିକ)","",""
"suggest.send","Send suggestion","ପରାମର୍ଶ ପଠାନ୍ତୁ","",""
"suggest.thanks","Thank you. Every suggestion is checked against the published source rule.","ଧନ୍ୟବାଦ। ପ୍ରତ୍ୟେକ ପରାମର୍ଶ ପ୍ରକାଶିତ ଉତ୍ସ-ନିୟମ ଅନୁସାରେ ଯାଞ୍ଚ ହୁଏ।","",""
"suggest.signIn","Sign in to suggest a source.","ଉତ୍ସ ପରାମର୍ଶ ଦେବାକୁ ସାଇନ୍ ଇନ୍ କରନ୍ତୁ।","",""
"suggest.error","Could not send. Please check the name and try again.","ପଠାଇ ହେଲା ନାହିଁ। ନାମ ଯାଞ୍ଚ କରି ପୁଣି ଚେଷ୍ଟା କରନ୍ତୁ।","",""
"login.title","Sign in","ସାଇନ୍ ଇନ୍","",""
"login.intro","Save your choices and follow stories on every device. Reading needs no account.","ଆପଣଙ୍କ ପସନ୍ଦ ସଞ୍ଚୟ କରନ୍ତୁ ଏବଂ ପ୍ରତ୍ୟେକ ଡିଭାଇସରେ ଖବର ଫଲୋ କରନ୍ତୁ। ପଢ଼ିବାକୁ ଆକାଉଣ୍ଟ ଦରକାର ନାହିଁ।","",""
"login.google","Continue with Google","Google ସହ ଆଗକୁ ବଢ଼ନ୍ତୁ","",""
"login.error","Sign-in did not work. Please try again.","ସାଇନ୍ ଇନ୍ ହେଲା ନାହିଁ। ପୁଣି ଚେଷ୍ଟା କରନ୍ତୁ।","",""
"login.guest","Continue without an account","ଆକାଉଣ୍ଟ ବିନା ଆଗକୁ ବଢ଼ନ୍ତୁ","",""
"login.notConfigured","Sign-in works once Supabase is connected (see docs/SETUP.md).","Supabase ଯୋଡ଼ାହେବା ପରେ ସାଇନ୍ ଇନ୍ କାମ କରିବ (docs/SETUP.md ଦେଖନ୍ତୁ)।","",""
"settings.title","Settings","ସେଟିଂସ୍","",""
"settings.reading","What you see","ଆପଣ କ’ଣ ଦେଖନ୍ତି","",""
"settings.app","App","ଆପ୍","",""
"settings.ui","App language","ଆପ୍ ଭାଷା","",""
"settings.ai","Default AI assistant","ଡିଫଲ୍ଟ AI ସହାୟକ","",""
"settings.account","Account","ଆକାଉଣ୍ଟ","",""
"settings.signedInAs","Signed in as {email}","{email} ଭାବେ ସାଇନ୍ ଇନ୍","",""
"settings.guest","You are not signed in. Your choices are saved on this device only.","ଆପଣ ସାଇନ୍ ଇନ୍ କରିନାହାନ୍ତି। ଆପଣଙ୍କ ପସନ୍ଦ କେବଳ ଏହି ଡିଭାଇସରେ ସଞ୍ଚୟ ହୁଏ।","",""
"settings.signOut","Sign out","ସାଇନ୍ ଆଉଟ୍","",""
"settings.delete","Delete my account","ମୋ ଆକାଉଣ୍ଟ ବିଲୋପ କରନ୍ତୁ","",""
"settings.deleteConfirm","This deletes your account, choices and follows for good. Type DELETE to confirm.","ଏହା ଆପଣଙ୍କ ଆକାଉଣ୍ଟ, ପସନ୍ଦ ଓ ଫଲୋ ସ୍ଥାୟୀ ଭାବେ ବିଲୋପ କରିବ। ନିଶ୍ଚିତ କରିବାକୁ DELETE ଟାଇପ୍ କରନ୍ତୁ।","",""
"settings.deleteButton","Delete account","ଆକାଉଣ୍ଟ ବିଲୋପ କରନ୍ତୁ","",""
"settings.inactive","Accounts unused for 12 months are deleted automatically. The app never sends email.","12 ମାସ ବ୍ୟବହାର ହୋଇନଥିବା ଆକାଉଣ୍ଟ ନିଜେ ନିଜେ ହଟାଯାଏ। ଆପ୍ କେବେ ବି ଇମେଲ ପଠାଏ ନାହିଁ।","",""
"group.newspaper","Newspaper","ଖବରକାଗଜ","",""
"group.tv","TV","ଟିଭି","",""
"group.digital","Digital","ଡିଜିଟାଲ୍","",""
"group.community","Community","ସମୁଦାୟ","",""
"group.government","Government","ସରକାର","",""
"group.international","International","ଆନ୍ତର୍ଜାତୀୟ","",""
"group.video","YouTube","ୟୁଟ୍ୟୁବ","",""
"footer.rule","We never rank, rate or rewrite sources.","ଆମେ କେବେ ଉତ୍ସକୁ ର‍୍ୟାଙ୍କ, ରେଟିଂ ଦେଉ ନାହିଁ କିମ୍ବା ପୁଣି ଲେଖୁ ନାହିଁ।","",""
"footer.about","How it works","ଏହା କିପରି କାମ କରେ","",""
"footer.sources","Our sources","ଆମର ଉତ୍ସ","",""
"footer.grievance","Grievances and takedowns","ଅଭିଯୋଗ ଓ ହଟାଇବା ଅନୁରୋଧ","",""
"footer.privacy","Privacy","ଗୋପନୀୟତା","",""
"footer.terms","Terms","ସର୍ତ୍ତାବଳୀ","",""
"notFound.title","Page not found","ପୃଷ୍ଠା ମିଳିଲା ନାହିଁ","",""
"notFound.back","Go to your feed","ଆପଣଙ୍କ ଫିଡ୍‌କୁ ଯାଆନ୍ତୁ","",""
"error.title","Something went wrong","କିଛି ଭୁଲ ହେଲା","",""
"error.retry","Try again","ପୁଣି ଚେଷ୍ଟା କରନ୍ତୁ","",""
"common.loading","Loading…","ଲୋଡ୍ ହେଉଛି…","",""
"common.close","Close","ବନ୍ଦ କରନ୍ତୁ","",""
"topic name: politics","Politics","ରାଜନୀତି","",""
"topic name: business","Business","ବ୍ୟବସାୟ","",""
"topic name: tech","Tech","ଟେକ୍","",""
"topic name: sports","Sports","କ୍ରୀଡ଼ା","",""
"topic name: farming","Farming","କୃଷି","",""
"topic name: education","Education & jobs","ଶିକ୍ଷା ଓ ଚାକିରି","",""
"topic name: health","Health","ସ୍ୱାସ୍ଥ୍ୟ","",""
"topic name: cinema","Cinema","ସିନେମା","",""
"topic name: crime","Crime","ଅପରାଧ","",""
"topic name: auto","Automobile","ଯାନବାହନ","",""
"topic name: lifestyle","Lifestyle","ଜୀବନଶୈଳୀ","",""
"topic name: fashion","Fashion","ଫ୍ୟାସନ","",""
"topic name: food","Food","ଖାଦ୍ୟ","",""
"topic name: travel","Travel","ଭ୍ରମଣ","",""
"topic name: environment","Environment & weather","ପରିବେଶ ଓ ପାଣିପାଗ","",""
"topic name: religion","Religion & festivals","ଧର୍ମ ଓ ପର୍ବପର୍ବାଣି","",""
"topic name: accidents","Accidents","ଦୁର୍ଘଟଣା","",""
"topic name: space","Space","ମହାକାଶ","",""
"topic name: gaming","Gaming","ଗେମିଂ","",""
"state name: tg","Telangana","ତେଲେଙ୍ଗାନା","",""
"state name: ap","Andhra Pradesh","ଆନ୍ଧ୍ରପ୍ରଦେଶ","",""
"state name: ar","Arunachal Pradesh","ଅରୁଣାଚଳ ପ୍ରଦେଶ","",""
"state name: as","Assam","ଆସାମ","",""
"state name: br","Bihar","ବିହାର","",""
"state name: cg","Chhattisgarh","ଛତିଶଗଡ଼","",""
"state name: ga","Goa","ଗୋଆ","",""
"state name: gj","Gujarat","ଗୁଜରାଟ","",""
"state name: hr","Haryana","ହରିୟାଣା","",""
"state name: hp","Himachal Pradesh","ହିମାଚଳ ପ୍ରଦେଶ","",""
"state name: jh","Jharkhand","ଝାଡ଼ଖଣ୍ଡ","",""
"state name: ka","Karnataka","କର୍ଣ୍ଣାଟକ","",""
"state name: kl","Kerala","କେରଳ","",""
"state name: mp","Madhya Pradesh","ମଧ୍ୟପ୍ରଦେଶ","",""
"state name: mh","Maharashtra","ମହାରାଷ୍ଟ୍ର","",""
"state name: mn","Manipur","ମଣିପୁର","",""
"state name: ml","Meghalaya","ମେଘାଳୟ","",""
"state name: mz","Mizoram","ମିଜୋରାମ","",""
"state name: nl","Nagaland","ନାଗାଲାଣ୍ଡ","",""
"state name: od","Odisha","ଓଡ଼ିଶା","",""
"state name: pb","Punjab","ପଞ୍ଜାବ","",""
"state name: rj","Rajasthan","ରାଜସ୍ଥାନ","",""
"state name: sk","Sikkim","ସିକିମ","",""
"state name: tn","Tamil Nadu","ତାମିଲନାଡୁ","",""
"state name: tr","Tripura","ତ୍ରିପୁରା","",""
"state name: up","Uttar Pradesh","ଉତ୍ତରପ୍ରଦେଶ","",""
"state name: uk","Uttarakhand","ଉତ୍ତରାଖଣ୍ଡ","",""
"state name: wb","West Bengal","ପଶ୍ଚିମବଙ୍ଗ","",""
"state name: an","Andaman and Nicobar Islands","ଆଣ୍ଡାମାନ ଓ ନିକୋବର ଦ୍ୱୀପପୁଞ୍ଜ","",""
"state name: ch","Chandigarh","ଚଣ୍ଡୀଗଡ଼","",""
"state name: dn","Dadra and Nagar Haveli and Daman and Diu","ଦାଦରା ଓ ନଗର ହାଭେଲି ଏବଂ ଦମନ ଓ ଦିଉ","",""
"state name: dl","Delhi","ଦିଲ୍ଲୀ","",""
"state name: jk","Jammu and Kashmir","ଜମ୍ମୁ ଓ କାଶ୍ମୀର","",""
"state name: la","Ladakh","ଲଦାଖ","",""
"state name: ld","Lakshadweep","ଲକ୍ଷଦ୍ୱୀପ","",""
"state name: py","Puducherry","ପୁଡୁଚେରୀ","",""
