"Where (key)","English","ਪੰਜਾਬੀ: current draft","Your correction (leave empty if fine)","Notes"
"tagline","Every version of the news, at your time","ਹਰ ਖ਼ਬਰ ਦੇ ਸਾਰੇ ਰੂਪ, ਤੁਹਾਡੇ ਸਮੇਂ ਤੇ","",""
"nav.feed","Feed","ਫੀਡ","",""
"nav.following","Following","ਫ਼ਾਲੋ","",""
"nav.archive","Archive","ਪੁਰਾਲੇਖ","",""
"nav.sources","Our sources","ਸਾਡੇ ਸਰੋਤ","",""
"nav.about","How it works","ਇਹ ਕਿਵੇਂ ਕੰਮ ਕਰਦਾ ਹੈ","",""
"nav.signin","Sign in","ਸਾਈਨ ਇਨ","",""
"nav.settings","Settings","ਸੈਟਿੰਗਾਂ","",""
"nav.menu","Main menu","ਮੁੱਖ ਮੀਨੂ","",""
"welcome.title","Every version of the news, at your time","ਹਰ ਖ਼ਬਰ ਦੇ ਸਾਰੇ ਰੂਪ, ਤੁਹਾਡੇ ਸਮੇਂ ਤੇ","",""
"welcome.intro","Choose your state. International and National news is the same for everyone: every public source, untouched, with a link to each original.","ਆਪਣਾ ਰਾਜ ਚੁਣੋ। ਅੰਤਰਰਾਸ਼ਟਰੀ ਅਤੇ ਰਾਸ਼ਟਰੀ ਖ਼ਬਰਾਂ ਸਭ ਲਈ ਇੱਕੋ ਜਿਹੀਆਂ: ਹਰ ਜਨਤਕ ਸਰੋਤ, ਬਿਨਾਂ ਬਦਲੇ, ਹਰ ਅਸਲ ਲੇਖ ਦੇ ਲਿੰਕ ਨਾਲ।","",""
"welcome.signin","Already have an account? Sign in","ਪਹਿਲਾਂ ਤੋਂ ਖਾਤਾ ਹੈ? ਸਾਈਨ ਇਨ ਕਰੋ","",""
"prefs.topics","Topics","ਵਿਸ਼ੇ","",""
"prefs.places","Your state","ਤੁਹਾਡਾ ਸੂਬਾ","",""
"prefs.state","State","ਰਾਜ","",""
"prefs.chooseState","Choose your state","ਆਪਣਾ ਸੂਬਾ ਚੁਣੋ","",""
"feed.chooseState","Choose your state to see its news. You can change it at any time.","ਆਪਣੇ ਸੂਬੇ ਦੀਆਂ ਖ਼ਬਰਾਂ ਵੇਖਣ ਲਈ ਸੂਬਾ ਚੁਣੋ। ਕਦੇ ਵੀ ਬਦਲ ਸਕਦੇ ਹੋ।","",""
"prefs.statePilot","Every state is treated alike: its own outlets, in its languages and English, plus national outlets’ coverage of it. You can switch state at any time.","ਹਰ ਸੂਬੇ ਨਾਲ ਇੱਕੋ ਜਿਹਾ ਵਿਹਾਰ: ਉਸ ਦੇ ਆਪਣੇ ਖ਼ਬਰ ਸਰੋਤ (ਉਸ ਦੀਆਂ ਭਾਸ਼ਾਵਾਂ ਅਤੇ ਅੰਗਰੇਜ਼ੀ ਵਿੱਚ) ਅਤੇ ਕੌਮੀ ਸਰੋਤਾਂ ਵਿੱਚ ਉਸ ਦੀਆਂ ਖ਼ਬਰਾਂ। ਤੁਸੀਂ ਕਦੇ ਵੀ ਸੂਬਾ ਬਦਲ ਸਕਦੇ ਹੋ।","",""
"prefs.hideCrime","Hide crime and accident stories","ਅਪਰਾਧ ਅਤੇ ਹਾਦਸਿਆਂ ਦੀਆਂ ਖ਼ਬਰਾਂ ਲੁਕਾਓ","",""
"prefs.hideCrimeHint","Your choice. We never hide anything on our own.","ਇਹ ਸਿਰਫ਼ ਤੁਹਾਡੀ ਚੋਣ ਹੈ। ਅਸੀਂ ਆਪਣੇ ਵੱਲੋਂ ਕੁਝ ਨਹੀਂ ਲੁਕਾਉਂਦੇ।","",""
"prefs.save","Show my news","ਮੇਰੀਆਂ ਖ਼ਬਰਾਂ ਦਿਖਾਓ","",""
"prefs.saveSettings","Save","ਸੰਭਾਲੋ","",""
"prefs.saved","Saved","ਸੰਭਾਲਿਆ ਗਿਆ","",""
"prefs.topicOrder","Order of topic buttons","ਵਿਸ਼ਾ ਬਟਨਾਂ ਦਾ ਕ੍ਰਮ","",""
"prefs.topicOrderHint","Put the topics you check most first. This only moves the buttons on your feed: all news still shows.","ਜੋ ਵਿਸ਼ੇ ਤੁਸੀਂ ਸਭ ਤੋਂ ਵੱਧ ਦੇਖਦੇ ਹੋ ਉਨ੍ਹਾਂ ਨੂੰ ਪਹਿਲਾਂ ਰੱਖੋ। ਇਸ ਨਾਲ ਫੀਡ ’ਤੇ ਸਿਰਫ਼ ਬਟਨ ਅੱਗੇ-ਪਿੱਛੇ ਹੁੰਦੇ ਹਨ: ਸਾਰੀਆਂ ਖ਼ਬਰਾਂ ਦਿਸਦੀਆਂ ਰਹਿੰਦੀਆਂ ਹਨ।","",""
"prefs.moveUp","Move {topic} up","{topic} ਉੱਪਰ ਕਰੋ","",""
"prefs.moveDown","Move {topic} down","{topic} ਹੇਠਾਂ ਕਰੋ","",""
"prefs.resetOrder","Reset to the standard order","ਆਮ ਕ੍ਰਮ ’ਤੇ ਵਾਪਸ","",""
"feed.arrange","Arrange","ਤਰਤੀਬ ਦਿਓ","",""
"feed.arrangeHint","Drag the topics into the order you like (or use the arrow keys), then Save. This only moves the buttons: all news still shows.","ਵਿਸ਼ਿਆਂ ਨੂੰ ਖਿੱਚ ਕੇ ਆਪਣੀ ਪਸੰਦ ਦੀ ਤਰਤੀਬ ਵਿੱਚ ਰੱਖੋ (ਜਾਂ ਤੀਰ ਵਾਲੀਆਂ ਕੁੰਜੀਆਂ ਵਰਤੋ), ਫਿਰ ਸੇਵ ਕਰੋ। ਇਸ ਨਾਲ ਸਿਰਫ਼ ਬਟਨ ਹਿੱਲਦੇ ਹਨ: ਸਾਰੀਆਂ ਖ਼ਬਰਾਂ ਦਿਸਦੀਆਂ ਰਹਿੰਦੀਆਂ ਹਨ।","",""
"feed.title","Your news","ਤੁਹਾਡੀਆਂ ਖ਼ਬਰਾਂ","",""
"feed.since","Since your last visit, {time}","ਤੁਹਾਡੀ ਪਿਛਲੀ ਫੇਰੀ {time} ਤੋਂ","",""
"weather.pageTitle","Weather in every state","ਹਰ ਰਾਜ ਦਾ ਮੌਸਮ","",""
"weather.note","At each state's and union territory's capital, not your location. Refreshed every 30 minutes.","ਹਰ ਰਾਜ ਅਤੇ ਕੇਂਦਰ ਸ਼ਾਸਿਤ ਪ੍ਰਦੇਸ਼ ਦੀ ਰਾਜਧਾਨੀ ਦਾ, ਤੁਹਾਡੀ ਥਾਂ ਦਾ ਨਹੀਂ। ਹਰ 30 ਮਿੰਟ ਵਿੱਚ ਤਾਜ਼ਾ।","",""
"weather.range","{low}°–{high}° in the next 24 h","ਅਗਲੇ 24 ਘੰਟਿਆਂ ਵਿੱਚ {low}°–{high}°","",""
"weather.allStates","All states","ਸਾਰੇ ਰਾਜ","",""
"weather.credit","Weather data: MET Norway, converted to words and rounded","ਮੌਸਮ ਡਾਟਾ: MET Norway, ਸ਼ਬਦਾਂ ਵਿੱਚ ਬਦਲਿਆ ਅਤੇ ਪੂਰਨ ਅੰਕ","",""
"weather.updated","Forecast made {time}","ਭਵਿੱਖਬਾਣੀ: {time}","",""
"weather.unavailable","Not available right now","ਹੁਣ ਉਪਲਬਧ ਨਹੀਂ","",""
"sky.clear","Clear","ਸਾਫ਼","",""
"sky.partly","Partly cloudy","ਅੰਸ਼ਕ ਬੱਦਲ","",""
"sky.cloudy","Cloudy","ਬੱਦਲਵਾਈ","",""
"sky.fog","Fog","ਧੁੰਦ","",""
"sky.rain","Rain","ਮੀਂਹ","",""
"sky.heavyRain","Heavy rain","ਭਾਰੀ ਮੀਂਹ","",""
"sky.thunder","Thunderstorm","ਗਰਜ ਨਾਲ ਮੀਂਹ","",""
"sky.snow","Snow","ਬਰਫ਼","",""
"intro.title","How Vuaz works","Vuaz ਕਿਵੇਂ ਕੰਮ ਕਰਦਾ ਹੈ","",""
"intro.one","Each story brings together every outlet's report on it: newspapers, TV and websites, in many languages.","ਹਰ ਖ਼ਬਰ ਵਿੱਚ ਉਸ ਬਾਰੇ ਹਰ ਮੀਡੀਆ ਅਦਾਰੇ ਦੀ ਰਿਪੋਰਟ ਇੱਕ ਥਾਂ: ਅਖ਼ਬਾਰ, ਟੀਵੀ ਅਤੇ ਵੈੱਬਸਾਈਟਾਂ, ਕਈ ਭਾਸ਼ਾਵਾਂ ਵਿੱਚ।","",""
"intro.two","Open a story to see how each outlet headlined it, and compare them side by side.","ਕੋਈ ਖ਼ਬਰ ਖੋਲ੍ਹ ਕੇ ਦੇਖੋ ਕਿ ਹਰ ਅਦਾਰੇ ਨੇ ਕੀ ਸਿਰਲੇਖ ਦਿੱਤਾ, ਅਤੇ ਨਾਲ-ਨਾਲ ਮਿਲਾਓ।","",""
"intro.three","We never rank, rate, summarise or rewrite the news. Every report links to the original.","ਅਸੀਂ ਖ਼ਬਰਾਂ ਨੂੰ ਦਰਜਾ, ਰੇਟਿੰਗ, ਸਾਰ ਨਹੀਂ ਦਿੰਦੇ, ਨਾ ਦੁਬਾਰਾ ਲਿਖਦੇ ਹਾਂ। ਹਰ ਰਿਪੋਰਟ ਮੂਲ ਨਾਲ ਜੁੜੀ ਹੈ।","",""
"card.versions","See all versions","ਸਾਰੇ ਰੂਪ ਦੇਖੋ","",""
"story.headlined","How they headlined it","ਕਿਸਨੇ ਕੀ ਸਿਰਲੇਖ ਦਿੱਤਾ","",""
"story.headlinedNote","The first report in each language, then the earliest from other outlets, in their own words. Every report is listed below.","ਹਰ ਭਾਸ਼ਾ ਦੀ ਪਹਿਲੀ ਰਿਪੋਰਟ, ਫਿਰ ਹੋਰ ਅਦਾਰਿਆਂ ਦੀ ਸਭ ਤੋਂ ਪਹਿਲੀ, ਉਨ੍ਹਾਂ ਦੇ ਆਪਣੇ ਸ਼ਬਦਾਂ ਵਿੱਚ। ਸਾਰੀਆਂ ਰਿਪੋਰਟਾਂ ਹੇਠਾਂ ਹਨ।","",""
"feed.nothingNew","Nothing new since your last visit","ਤੁਹਾਡੀ ਪਿਛਲੀ ਫੇਰੀ ਤੋਂ ਬਾਅਦ ਕੁਝ ਨਵਾਂ ਨਹੀਂ","",""
"kind.opinion","Opinion","ਰਾਇ","",""
"kind.editorial","Editorial","ਸੰਪਾਦਕੀ","",""
"kind.analysis","Analysis","ਵਿਸ਼ਲੇਸ਼ਣ","",""
"feed.morningName","Good morning, {name}","ਸ਼ੁਭ ਸਵੇਰ, {name}","",""
"feed.afternoonName","Good afternoon, {name}","ਸ਼ੁਭ ਦੁਪਹਿਰ, {name}","",""
"feed.eveningName","Good evening, {name}","ਸ਼ੁਭ ਸ਼ਾਮ, {name}","",""
"feed.welcomeName","Welcome, {name}","ਜੀ ਆਇਆਂ ਨੂੰ, {name}","",""
"feed.welcomeBackName","Welcome back, {name}","ਮੁੜ ਜੀ ਆਇਆਂ ਨੂੰ, {name}","",""
"name.title","What should we call you?","ਅਸੀਂ ਤੁਹਾਨੂੰ ਕਿਸ ਨਾਮ ਨਾਲ ਬੁਲਾਈਏ?","",""
"name.intro","We greet you by this name. Only you and our team see it.","ਅਸੀਂ ਤੁਹਾਨੂੰ ਇਸੇ ਨਾਮ ਨਾਲ ਸਲਾਮ ਕਰਾਂਗੇ। ਇਸਨੂੰ ਸਿਰਫ਼ ਤੁਸੀਂ ਅਤੇ ਸਾਡੀ ਟੀਮ ਦੇਖਦੀ ਹੈ।","",""
"name.label","Your name","ਤੁਹਾਡਾ ਨਾਮ","",""
"name.note","Up to 40 letters. You can change it in Settings.","40 ਅੱਖਰਾਂ ਤੱਕ। ਸੈਟਿੰਗਾਂ ਵਿੱਚ ਬਦਲ ਸਕਦੇ ਹੋ।","",""
"name.empty","Please write a name.","ਕਿਰਪਾ ਕਰਕੇ ਇੱਕ ਨਾਮ ਲਿਖੋ।","",""
"name.saved","Name saved.","ਨਾਮ ਸੰਭਾਲਿਆ ਗਿਆ।","",""
"name.continue","Continue","ਅੱਗੇ ਵਧੋ","",""
"name.save","Save name","ਨਾਮ ਸੰਭਾਲੋ","",""
"settings.restricted","Your account is restricted. You can still read all the news, but following stories, saving settings and suggesting sources are turned off.","ਤੁਹਾਡਾ ਖਾਤਾ ਸੀਮਤ ਕੀਤਾ ਗਿਆ ਹੈ। ਤੁਸੀਂ ਸਾਰੀਆਂ ਖ਼ਬਰਾਂ ਪੜ੍ਹ ਸਕਦੇ ਹੋ, ਪਰ ਖ਼ਬਰਾਂ ਨੂੰ ਫਾਲੋ ਕਰਨਾ, ਸੈਟਿੰਗਾਂ ਸੰਭਾਲਣਾ ਅਤੇ ਸਰੋਤ ਸੁਝਾਉਣਾ ਬੰਦ ਹੈ।","",""
"nav.watch","Watch","ਦੇਖੋ","",""
"feed.morning","Good morning","ਸ਼ੁਭ ਸਵੇਰ","",""
"feed.afternoon","Good afternoon","ਸ਼ੁਭ ਦੁਪਹਿਰ","",""
"feed.evening","Good evening","ਸ਼ੁਭ ਸ਼ਾਮ","",""
"feed.tagline","Every version of the news, side by side. The same for every reader.","ਖ਼ਬਰ ਦਾ ਹਰ ਰੂਪ, ਨਾਲ-ਨਾਲ। ਹਰ ਪਾਠਕ ਲਈ ਇੱਕੋ ਜਿਹਾ।","",""
"home.mostCovered","Most covered today","ਅੱਜ ਸਭ ਤੋਂ ਵੱਧ ਛਪੀਆਂ ਖ਼ਬਰਾਂ","",""
"home.mostCoveredNote","By number of outlets reporting it. Never by clicks.","ਛਾਪਣ ਵਾਲੇ ਅਦਾਰਿਆਂ ਦੀ ਗਿਣਤੀ ਨਾਲ। ਕਲਿੱਕਾਂ ਨਾਲ ਕਦੇ ਨਹੀਂ।","",""
"home.coveredBy","Covered by {n} outlets","{n} ਅਦਾਰਿਆਂ ਨੇ ਛਾਪੀ","",""
"home.sourcesLangs","{n} sources · {l} languages","{n} ਸਰੋਤ · {l} ਭਾਸ਼ਾਵਾਂ","",""
"home.sourcesLang1","{n} sources · 1 language","{n} ਸਰੋਤ · 1 ਭਾਸ਼ਾ","",""
"home.prev","Previous story","ਪਿਛਲੀ ਖ਼ਬਰ","",""
"home.next","Next story","ਅਗਲੀ ਖ਼ਬਰ","",""
"home.justIn","Just in","ਹੁਣੇ-ਹੁਣੇ","",""
"home.watch","Watch: latest from YouTube","ਦੇਖੋ: ਯੂਟਿਊਬ ਤੋਂ ਤਾਜ਼ਾ","",""
"home.seeAll","See all","ਸਭ ਦੇਖੋ","",""
"watch.title","Watch","ਦੇਖੋ","",""
"watch.intro","The latest videos from the official YouTube channels we follow, newest first. Each opens on YouTube.","ਅਸੀਂ ਜਿਨ੍ਹਾਂ ਅਧਿਕਾਰਤ ਯੂਟਿਊਬ ਚੈਨਲਾਂ ਨੂੰ ਫ਼ਾਲੋ ਕਰਦੇ ਹਾਂ ਉਨ੍ਹਾਂ ਦੀਆਂ ਤਾਜ਼ਾ ਵੀਡੀਓ, ਨਵੀਆਂ ਪਹਿਲਾਂ। ਹਰ ਵੀਡੀਓ ਯੂਟਿਊਬ ’ਤੇ ਖੁੱਲ੍ਹਦੀ ਹੈ।","",""
"watch.empty","No videos here yet.","ਇੱਥੇ ਅਜੇ ਕੋਈ ਵੀਡੀਓ ਨਹੀਂ।","",""
"watch.versions","All versions","ਸਾਰੇ ਰੂਪ","",""
"search.label","Search headlines","ਸਿਰਲੇਖ ਖੋਜੋ","",""
"search.placeholder","Search headlines, places, people…","ਸਿਰਲੇਖ, ਥਾਵਾਂ, ਲੋਕ ਖੋਜੋ…","",""
"search.title","Search","ਖੋਜੋ","",""
"search.results","Stories from the last 30 days that mention “{q}”, newest first.","ਪਿਛਲੇ 30 ਦਿਨਾਂ ਦੀਆਂ ਖ਼ਬਰਾਂ ਜਿਨ੍ਹਾਂ ਵਿੱਚ “{q}” ਹੈ, ਨਵੀਆਂ ਪਹਿਲਾਂ।","",""
"search.empty","No story in the last 30 days mentions that.","ਪਿਛਲੇ 30 ਦਿਨਾਂ ਦੀ ਕਿਸੇ ਖ਼ਬਰ ਵਿੱਚ ਇਹ ਨਹੀਂ।","",""
"search.hint","Type at least two letters.","ਘੱਟੋ-ਘੱਟ ਦੋ ਅੱਖਰ ਲਿਖੋ।","",""
"theme.dark","Switch to dark mode","ਡਾਰਕ ਮੋਡ ’ਤੇ ਜਾਓ","",""
"theme.light","Switch to light mode","ਲਾਈਟ ਮੋਡ ’ਤੇ ਜਾਓ","",""
"install.title","Vuaz on your home screen","ਆਪਣੀ ਹੋਮ ਸਕ੍ਰੀਨ ’ਤੇ Vuaz","",""
"install.body","Free, no app store. Catch up whenever you like.","ਮੁਫ਼ਤ, ਐਪ ਸਟੋਰ ਦੀ ਲੋੜ ਨਹੀਂ। ਜਦੋਂ ਚਾਹੋ ਪੜ੍ਹੋ।","",""
"install.button","Install the app","ਐਪ ਇੰਸਟਾਲ ਕਰੋ","",""
"install.ios","On iPhone: tap Share, then “Add to Home Screen”.","ਆਈਫ਼ੋਨ ’ਤੇ: Share ਦਬਾਓ, ਫਿਰ “Add to Home Screen”।","",""
"feed.refreshed","News last refreshed: {time}","ਖ਼ਬਰਾਂ ਆਖ਼ਰੀ ਵਾਰ ਤਾਜ਼ਾ ਹੋਈਆਂ: {time}","",""
"feed.hintTopic","Showing {topic} news. Tap another topic above to change.","{topic} ਦੀਆਂ ਖ਼ਬਰਾਂ ਦਿਖਾ ਰਹੇ ਹਾਂ। ਬਦਲਣ ਲਈ ਉੱਪਰ ਕੋਈ ਹੋਰ ਵਿਸ਼ਾ ਚੁਣੋ।","",""
"feed.firstVisit","Last 7 days","ਪਿਛਲੇ 7 ਦਿਨ","",""
"feed.tabInternational","International","ਅੰਤਰਰਾਸ਼ਟਰੀ","",""
"feed.tabNational","National","ਰਾਸ਼ਟਰੀ","",""
"feed.tabsLabel","Area","ਖੇਤਰ","",""
"feed.order","Order","ਕ੍ਰਮ","",""
"feed.orderNote","Order is mechanical and yours to change. We never rank or rate sources.","ਕ੍ਰਮ ਮਸ਼ੀਨੀ ਹੈ ਅਤੇ ਤੁਸੀਂ ਇਸਨੂੰ ਬਦਲ ਸਕਦੇ ਹੋ। ਅਸੀਂ ਸਰੋਤਾਂ ਨੂੰ ਰੈਂਕ ਜਾਂ ਰੇਟਿੰਗ ਨਹੀਂ ਦਿੰਦੇ।","",""
"feed.sources","{n} sources","{n} ਸਰੋਤ","",""
"feed.source1","1 source so far","ਹੁਣ ਤੱਕ 1 ਸਰੋਤ","",""
"feed.reports","{n} reports","{n} ਰਿਪੋਰਟਾਂ","",""
"feed.new","New","ਨਵਾਂ","",""
"feed.empty","No stories here yet for your choices.","ਤੁਹਾਡੀਆਂ ਚੋਣਾਂ ਲਈ ਇੱਥੇ ਹਾਲੇ ਕੋਈ ਖ਼ਬਰ ਨਹੀਂ।","",""
"feed.more","Show more","ਹੋਰ ਦਿਖਾਓ","",""
"feed.firstBy","First reported by {source}","ਸਭ ਤੋਂ ਪਹਿਲਾਂ ਛਾਪਿਆ: {source}","",""
"feed.demo","You are looking at sample stories. Connect Supabase (see docs/SETUP.md) to see live news.","ਤੁਸੀਂ ਨਮੂਨਾ ਖ਼ਬਰਾਂ ਦੇਖ ਰਹੇ ਹੋ। ਲਾਈਵ ਖ਼ਬਰਾਂ ਲਈ Supabase ਜੋੜੋ (docs/SETUP.md ਦੇਖੋ)।","",""
"feed.edit","Change my choices","ਮੇਰੀਆਂ ਚੋਣਾਂ ਬਦਲੋ","",""
"sort.sources","Most sources first","ਸਭ ਤੋਂ ਵੱਧ ਸਰੋਤ ਪਹਿਲਾਂ","",""
"sort.latest","Latest first","ਨਵੀਨਤਮ ਪਹਿਲਾਂ","",""
"sort.random","Random","ਬੇਤਰਤੀਬ","",""
"sort.earliest","Earliest first","ਸਭ ਤੋਂ ਪੁਰਾਣੇ ਪਹਿਲਾਂ","",""
"sort.source","Source name A to Z","ਸਰੋਤ ਦੇ ਨਾਂ ਦੇ ਕ੍ਰਮ ਵਿੱਚ","",""
"story.back","Back to feed","ਫੀਡ ਤੇ ਵਾਪਸ","",""
"story.count","{n} reports from {s} sources","{s} ਸਰੋਤਾਂ ਤੋਂ {n} ਰਿਪੋਰਟਾਂ","",""
"story.follow","Follow this story","ਇਹ ਖ਼ਬਰ ਫ਼ਾਲੋ ਕਰੋ","",""
"story.following","Following","ਫ਼ਾਲੋ ਕਰ ਰਹੇ ਹੋ","",""
"story.unfollow","Stop following","ਫ਼ਾਲੋ ਕਰਨਾ ਬੰਦ ਕਰੋ","",""
"story.signInToFollow","Sign in to follow","ਫ਼ਾਲੋ ਕਰਨ ਲਈ ਸਾਈਨ ਇਨ ਕਰੋ","",""
"story.filterType","Kind of source","ਸਰੋਤ ਦੀ ਕਿਸਮ","",""
"story.filterLanguage","Language","ਭਾਸ਼ਾ","",""
"story.all","All","ਸਾਰੇ","",""
"story.sort","Order","ਕ੍ਰਮ","",""
"story.orderNote","We never rank or rate sources. Order is by time unless you change it.","ਅਸੀਂ ਸਰੋਤਾਂ ਨੂੰ ਰੈਂਕ ਜਾਂ ਰੇਟਿੰਗ ਨਹੀਂ ਦਿੰਦੇ। ਜਦ ਤੱਕ ਤੁਸੀਂ ਨਾ ਬਦਲੋ, ਕ੍ਰਮ ਸਮੇਂ ਅਨੁਸਾਰ ਹੈ।","",""
"story.read","Read at {source}","{source} ਤੇ ਪੜ੍ਹੋ","",""
"story.watch","Watch on {source}","{source} ਤੇ ਦੇਖੋ","",""
"story.ownTranslator","Opens in {language}. To read it in your language, use your phone’s own translator (Google Translate, or Translate in Safari on iPhone).","{language} ਵਿੱਚ ਖੁੱਲ੍ਹੇਗਾ। ਆਪਣੀ ਭਾਸ਼ਾ ਵਿੱਚ ਪੜ੍ਹਨ ਲਈ ਫ਼ੋਨ ਦਾ ਅਨੁਵਾਦਕ ਵਰਤੋ (Google Translate, ਜਾਂ iPhone ਉੱਤੇ Safari ਵਿੱਚ ਅਨੁਵਾਦ)।","",""
"tr.from","Translated from {language}","{language} ਤੋਂ ਅਨੁਵਾਦ","",""
"tr.showOriginal","Translated by Google · show the original ({language})","Google ਅਨੁਵਾਦ · ਅਸਲ ਸੁਰਖ਼ੀ ਦਿਖਾਓ ({language})","",""
"story.pictureBy","Picture: {source}","ਤਸਵੀਰ: {source}","",""
"listen.all","Read aloud","ਪੜ੍ਹ ਕੇ ਸੁਣਾਓ","",""
"listen.one","Listen","ਸੁਣੋ","",""
"listen.stop","Stop","ਰੋਕੋ","",""
"listen.from","From {source}.","{source} ਤੋਂ।","",""
"listen.noVoice","Your phone has no {language} voice installed, so some words may be skipped or mispronounced.","ਤੁਹਾਡੇ ਫ਼ੋਨ ਵਿੱਚ {language} ਆਵਾਜ਼ ਨਹੀਂ ਹੈ; ਕੁਝ ਸ਼ਬਦ ਛੁੱਟ ਸਕਦੇ ਹਨ ਜਾਂ ਗਲਤ ਬੋਲੇ ਜਾ ਸਕਦੇ ਹਨ।","",""
"story.compare","Compare","ਤੁਲਨਾ","",""
"story.compareN","Compare side by side ({n})","ਨਾਲ-ਨਾਲ ਤੁਲਨਾ ਕਰੋ ({n})","",""
"story.compareHint","Tick 2 or 3 reports to compare them.","ਤੁਲਨਾ ਲਈ 2 ਜਾਂ 3 ਰਿਪੋਰਟਾਂ ਚੁਣੋ।","",""
"story.compareMax","You can compare up to 3 at a time.","ਇੱਕ ਵਾਰ ਵਿੱਚ ਵੱਧ ਤੋਂ ਵੱਧ 3 ਦੀ ਤੁਲਨਾ ਕਰ ਸਕਦੇ ਹੋ।","",""
"story.wire","Same wire text as {n} other listing(s)","ਹੋਰ {n} ਸੂਚੀਆਂ ਵਿੱਚ ਵੀ ਉਹੀ ਖ਼ਬਰ ਏਜੰਸੀ ਪਾਠ","",""
"story.updated","Headline changed by the source, {time}","ਸਰੋਤ ਨੇ ਸਿਰਲੇਖ ਬਦਲਿਆ, {time}","",""
"story.moreComing","New versions appear here as more outlets report. Follow the story to see them in your catch-up.","ਜਿਵੇਂ-ਜਿਵੇਂ ਹੋਰ ਅਦਾਰੇ ਰਿਪੋਰਟ ਕਰਨਗੇ, ਨਵੇਂ ਰੂਪ ਇੱਥੇ ਦਿਖਣਗੇ। ਆਪਣੀ ਅੱਪਡੇਟ ਵਿੱਚ ਦੇਖਣ ਲਈ ਖ਼ਬਰ ਫ਼ਾਲੋ ਕਰੋ।","",""
"story.gone","This story is no longer available. Stories are kept for 30 days.","ਇਹ ਖ਼ਬਰ ਹੁਣ ਉਪਲਬਧ ਨਹੀਂ। ਖ਼ਬਰਾਂ 30 ਦਿਨ ਰੱਖੀਆਂ ਜਾਂਦੀਆਂ ਹਨ।","",""
"story.noneMatch","No reports match these filters.","ਇਨ੍ਹਾਂ ਫਿਲਟਰਾਂ ਨਾਲ ਕੋਈ ਰਿਪੋਰਟ ਮੇਲ ਨਹੀਂ ਖਾਂਦੀ।","",""
"story.firstBy","First reported by {source}, {time}","ਸਭ ਤੋਂ ਪਹਿਲਾਂ ਛਾਪਿਆ: {source}, {time}","",""
"ai.ask","Ask your AI","ਆਪਣੇ AI ਨੂੰ ਪੁੱਛੋ","",""
"ai.openWith","Open with","ਇਸ ਨਾਲ ਖੋਲ੍ਹੋ","",""
"ai.note","Opens the assistant you choose with the link only. We add no question or prompt.","ਤੁਹਾਡਾ ਚੁਣਿਆ ਸਹਾਇਕ ਸਿਰਫ਼ ਲਿੰਕ ਨਾਲ ਖੁੱਲ੍ਹਦਾ ਹੈ। ਅਸੀਂ ਕੋਈ ਸਵਾਲ ਜਾਂ ਪ੍ਰੌਂਪਟ ਨਹੀਂ ਜੋੜਦੇ।","",""
"ai.copied","Link copied. Paste it into {name}.","ਲਿੰਕ ਕਾਪੀ ਹੋ ਗਿਆ। ਇਸਨੂੰ {name} ਵਿੱਚ ਪੇਸਟ ਕਰੋ।","",""
"ai.other","Copy link only","ਸਿਰਫ਼ ਲਿੰਕ ਕਾਪੀ ਕਰੋ","",""
"compare.title","Side by side","ਨਾਲ-ਨਾਲ","",""
"compare.intro","As each source published it.","ਜਿਵੇਂ ਹਰ ਸਰੋਤ ਨੇ ਛਾਪਿਆ।","",""
"compare.headline","Headline","ਸਿਰਲੇਖ","",""
"compare.snippet","Opening text","ਸ਼ੁਰੂਆਤੀ ਪਾਠ","",""
"compare.original","Read original","ਮੂਲ ਪੜ੍ਹੋ","",""
"compare.askAll","Ask your AI about these","ਇਨ੍ਹਾਂ ਬਾਰੇ ਆਪਣੇ AI ਨੂੰ ਪੁੱਛੋ","",""
"compare.none","Pick 2 or 3 reports on a story page to compare them.","ਤੁਲਨਾ ਲਈ ਕਿਸੇ ਖ਼ਬਰ ਦੇ ਪੰਨੇ ਤੇ 2 ਜਾਂ 3 ਰਿਪੋਰਟਾਂ ਚੁਣੋ।","",""
"compare.backToStory","Back to story","ਖ਼ਬਰ ਤੇ ਵਾਪਸ","",""
"following.title","Stories you follow","ਜਿਹੜੀਆਂ ਖ਼ਬਰਾਂ ਤੁਸੀਂ ਫ਼ਾਲੋ ਕਰਦੇ ਹੋ","",""
"following.newSince","{n} new since you last looked","ਪਿਛਲੀ ਵਾਰ ਦੇਖਣ ਤੋਂ ਬਾਅਦ {n} ਨਵੀਆਂ","",""
"following.noNew","No new reports since you last looked","ਪਿਛਲੀ ਵਾਰ ਦੇਖਣ ਤੋਂ ਬਾਅਦ ਕੋਈ ਨਵੀਂ ਰਿਪੋਰਟ ਨਹੀਂ","",""
"following.empty","Follow a developing story to see new reports here.","ਅੱਗੇ ਵਧ ਰਹੀ ਕਿਸੇ ਖ਼ਬਰ ਨੂੰ ਫ਼ਾਲੋ ਕਰੋ, ਨਵੀਆਂ ਰਿਪੋਰਟਾਂ ਇੱਥੇ ਦਿਖਣਗੀਆਂ।","",""
"following.signIn","Sign in to follow stories.","ਖ਼ਬਰਾਂ ਫ਼ਾਲੋ ਕਰਨ ਲਈ ਸਾਈਨ ਇਨ ਕਰੋ।","",""
"archive.title","Archive","ਪੁਰਾਲੇਖ","",""
"archive.intro","Stories from 8 to 30 days ago. After 30 days they are removed.","8 ਤੋਂ 30 ਦਿਨ ਪੁਰਾਣੀਆਂ ਖ਼ਬਰਾਂ। 30 ਦਿਨਾਂ ਬਾਅਦ ਇਹ ਹਟਾ ਦਿੱਤੀਆਂ ਜਾਂਦੀਆਂ ਹਨ।","",""
"archive.search","Search headlines","ਸਿਰਲੇਖਾਂ ਵਿੱਚ ਖੋਜੋ","",""
"archive.searchButton","Search","ਖੋਜੋ","",""
"archive.empty","Nothing found.","ਕੁਝ ਨਹੀਂ ਮਿਲਿਆ।","",""
"sources.title","Our sources","ਸਾਡੇ ਸਰੋਤ","",""
"sources.intro","Every outlet we collect from. Choosing sources is itself a choice, so the whole list is public and anyone can suggest more.","ਹਰ ਉਹ ਅਦਾਰਾ ਜਿਸ ਤੋਂ ਅਸੀਂ ਖ਼ਬਰਾਂ ਇਕੱਠੀਆਂ ਕਰਦੇ ਹਾਂ। ਸਰੋਤ ਚੁਣਨਾ ਵੀ ਇੱਕ ਫ਼ੈਸਲਾ ਹੈ, ਇਸ ਲਈ ਪੂਰੀ ਸੂਚੀ ਜਨਤਕ ਹੈ ਅਤੇ ਕੋਈ ਵੀ ਨਵੇਂ ਸਰੋਤ ਸੁਝਾ ਸਕਦਾ ਹੈ।","",""
"sources.policy","A source is included if it publishes news regularly, can be identified, and is not dedicated to hate or harassment. The same rule applies to every source.","ਉਹ ਸਰੋਤ ਸ਼ਾਮਲ ਹੁੰਦਾ ਹੈ ਜੋ ਨਿਯਮਿਤ ਖ਼ਬਰਾਂ ਛਾਪੇ, ਪਛਾਣਿਆ ਜਾ ਸਕੇ ਅਤੇ ਨਫ਼ਰਤ ਜਾਂ ਤੰਗ-ਪਰੇਸ਼ਾਨੀ ਲਈ ਹੀ ਨਾ ਹੋਵੇ। ਹਰ ਸਰੋਤ ਤੇ ਇਹੀ ਨਿਯਮ।","",""
"sources.count","{n} sources","{n} ਸਰੋਤ","",""
"status.live","Collected","ਇਕੱਠਾ ਹੋ ਰਿਹਾ ਹੈ","",""
"status.to_check","Being checked","ਜਾਂਚ ਜਾਰੀ","",""
"status.broken","Feed not working","ਫੀਡ ਕੰਮ ਨਹੀਂ ਕਰ ਰਹੀ","",""
"status.no_feed","No public feed yet","ਹਾਲੇ ਕੋਈ ਜਨਤਕ ਫੀਡ ਨਹੀਂ","",""
"layer.national","India","ਭਾਰਤ","",""
"layer.state","State","ਰਾਜ","",""
"layer.international","International","ਅੰਤਰਰਾਸ਼ਟਰੀ","",""
"suggest.title","Suggest a source","ਸਰੋਤ ਸੁਝਾਓ","",""
"suggest.name","Outlet or page name","ਅਦਾਰੇ ਜਾਂ ਪੰਨੇ ਦਾ ਨਾਂ","",""
"suggest.url","Website (optional)","ਵੈੱਬਸਾਈਟ (ਵਿਕਲਪਿਕ)","",""
"suggest.note","Anything we should know (optional)","ਕੁਝ ਹੋਰ ਜੋ ਸਾਨੂੰ ਪਤਾ ਹੋਣਾ ਚਾਹੀਦਾ ਹੈ (ਵਿਕਲਪਿਕ)","",""
"suggest.send","Send suggestion","ਸੁਝਾਅ ਭੇਜੋ","",""
"suggest.thanks","Thank you. Every suggestion is checked against the published source rule.","ਧੰਨਵਾਦ। ਹਰ ਸੁਝਾਅ ਛਪੇ ਹੋਏ ਸਰੋਤ-ਨਿਯਮ ਅਨੁਸਾਰ ਜਾਂਚਿਆ ਜਾਂਦਾ ਹੈ।","",""
"suggest.signIn","Sign in to suggest a source.","ਸਰੋਤ ਸੁਝਾਉਣ ਲਈ ਸਾਈਨ ਇਨ ਕਰੋ।","",""
"suggest.error","Could not send. Please check the name and try again.","ਭੇਜਿਆ ਨਹੀਂ ਜਾ ਸਕਿਆ। ਨਾਂ ਜਾਂਚ ਕੇ ਮੁੜ ਕੋਸ਼ਿਸ਼ ਕਰੋ।","",""
"login.title","Sign in","ਸਾਈਨ ਇਨ","",""
"login.intro","Save your choices and follow stories on every device. Reading needs no account.","ਆਪਣੀਆਂ ਚੋਣਾਂ ਸੰਭਾਲੋ ਅਤੇ ਹਰ ਡਿਵਾਈਸ ਤੇ ਖ਼ਬਰਾਂ ਫ਼ਾਲੋ ਕਰੋ। ਪੜ੍ਹਨ ਲਈ ਖਾਤੇ ਦੀ ਲੋੜ ਨਹੀਂ।","",""
"login.google","Continue with Google","Google ਨਾਲ ਜਾਰੀ ਰੱਖੋ","",""
"login.error","Sign-in did not work. Please try again.","ਸਾਈਨ ਇਨ ਨਹੀਂ ਹੋਇਆ। ਮੁੜ ਕੋਸ਼ਿਸ਼ ਕਰੋ।","",""
"login.guest","Continue without an account","ਬਿਨਾਂ ਖਾਤੇ ਜਾਰੀ ਰੱਖੋ","",""
"login.notConfigured","Sign-in works once Supabase is connected (see docs/SETUP.md).","Supabase ਜੁੜਨ ਤੋਂ ਬਾਅਦ ਸਾਈਨ ਇਨ ਕੰਮ ਕਰੇਗਾ (docs/SETUP.md ਦੇਖੋ)।","",""
"settings.title","Settings","ਸੈਟਿੰਗਾਂ","",""
"settings.reading","What you see","ਤੁਸੀਂ ਕੀ ਦੇਖਦੇ ਹੋ","",""
"settings.app","App","ਐਪ","",""
"settings.ui","App language","ਐਪ ਦੀ ਭਾਸ਼ਾ","",""
"settings.ai","Default AI assistant","ਡਿਫ਼ਾਲਟ AI ਸਹਾਇਕ","",""
"settings.account","Account","ਖਾਤਾ","",""
"settings.signedInAs","Signed in as {email}","{email} ਵਜੋਂ ਸਾਈਨ ਇਨ","",""
"settings.guest","You are not signed in. Your choices are saved on this device only.","ਤੁਸੀਂ ਸਾਈਨ ਇਨ ਨਹੀਂ ਹੋ। ਤੁਹਾਡੀਆਂ ਚੋਣਾਂ ਸਿਰਫ਼ ਇਸ ਡਿਵਾਈਸ ਤੇ ਸੰਭਾਲੀਆਂ ਜਾਂਦੀਆਂ ਹਨ।","",""
"settings.signOut","Sign out","ਸਾਈਨ ਆਊਟ","",""
"settings.delete","Delete my account","ਮੇਰਾ ਖਾਤਾ ਮਿਟਾਓ","",""
"settings.deleteConfirm","This deletes your account, choices and follows for good. Type DELETE to confirm.","ਇਸ ਨਾਲ ਤੁਹਾਡਾ ਖਾਤਾ, ਚੋਣਾਂ ਅਤੇ ਫ਼ਾਲੋ ਹਮੇਸ਼ਾ ਲਈ ਮਿਟ ਜਾਣਗੇ। ਪੁਸ਼ਟੀ ਲਈ DELETE ਲਿਖੋ।","",""
"settings.deleteButton","Delete account","ਖਾਤਾ ਮਿਟਾਓ","",""
"settings.inactive","Accounts unused for 12 months are deleted automatically. The app never sends email.","12 ਮਹੀਨੇ ਵਰਤੇ ਨਾ ਗਏ ਖਾਤੇ ਆਪਣੇ-ਆਪ ਮਿਟਾ ਦਿੱਤੇ ਜਾਂਦੇ ਹਨ। ਐਪ ਕਦੇ ਈਮੇਲ ਨਹੀਂ ਭੇਜਦੀ।","",""
"group.newspaper","Newspaper","ਅਖ਼ਬਾਰ","",""
"group.tv","TV","ਟੀਵੀ","",""
"group.digital","Digital","ਡਿਜੀਟਲ","",""
"group.community","Community","ਭਾਈਚਾਰਾ","",""
"group.government","Government","ਸਰਕਾਰ","",""
"group.international","International","ਅੰਤਰਰਾਸ਼ਟਰੀ","",""
"group.video","YouTube","ਯੂਟਿਊਬ","",""
"footer.rule","We never rank, rate or rewrite sources.","ਅਸੀਂ ਕਦੇ ਸਰੋਤਾਂ ਨੂੰ ਰੈਂਕ, ਰੇਟਿੰਗ ਨਹੀਂ ਦਿੰਦੇ ਜਾਂ ਦੁਬਾਰਾ ਨਹੀਂ ਲਿਖਦੇ।","",""
"footer.about","How it works","ਇਹ ਕਿਵੇਂ ਕੰਮ ਕਰਦਾ ਹੈ","",""
"footer.sources","Our sources","ਸਾਡੇ ਸਰੋਤ","",""
"footer.grievance","Grievances and takedowns","ਸ਼ਿਕਾਇਤਾਂ ਅਤੇ ਹਟਾਉਣ ਦੀਆਂ ਬੇਨਤੀਆਂ","",""
"footer.privacy","Privacy","ਪਰਦੇਦਾਰੀ","",""
"footer.terms","Terms","ਸ਼ਰਤਾਂ","",""
"notFound.title","Page not found","ਪੰਨਾ ਨਹੀਂ ਮਿਲਿਆ","",""
"notFound.back","Go to your feed","ਆਪਣੀ ਫੀਡ ਤੇ ਜਾਓ","",""
"error.title","Something went wrong","ਕੁਝ ਗ਼ਲਤ ਹੋ ਗਿਆ","",""
"error.retry","Try again","ਮੁੜ ਕੋਸ਼ਿਸ਼ ਕਰੋ","",""
"common.loading","Loading…","ਲੋਡ ਹੋ ਰਿਹਾ ਹੈ…","",""
"common.close","Close","ਬੰਦ ਕਰੋ","",""
"topic name: politics","Politics","ਰਾਜਨੀਤੀ","",""
"topic name: business","Business","ਕਾਰੋਬਾਰ","",""
"topic name: tech","Tech","ਤਕਨੀਕ","",""
"topic name: sports","Sports","ਖੇਡਾਂ","",""
"topic name: farming","Farming","ਖੇਤੀ","",""
"topic name: education","Education & jobs","ਸਿੱਖਿਆ ਅਤੇ ਨੌਕਰੀਆਂ","",""
"topic name: health","Health","ਸਿਹਤ","",""
"topic name: cinema","Cinema","ਸਿਨੇਮਾ","",""
"topic name: crime","Crime","ਅਪਰਾਧ","",""
"topic name: auto","Automobile","ਵਾਹਨ","",""
"topic name: lifestyle","Lifestyle","ਜੀਵਨ ਸ਼ੈਲੀ","",""
"topic name: fashion","Fashion","ਫੈਸ਼ਨ","",""
"topic name: food","Food","ਖਾਣ-ਪੀਣ","",""
"topic name: travel","Travel","ਸੈਰ-ਸਪਾਟਾ","",""
"topic name: environment","Environment & weather","ਵਾਤਾਵਰਣ ਅਤੇ ਮੌਸਮ","",""
"topic name: religion","Religion & festivals","ਧਰਮ ਅਤੇ ਤਿਉਹਾਰ","",""
"topic name: accidents","Accidents","ਹਾਦਸੇ","",""
"topic name: space","Space","ਪੁਲਾੜ","",""
"topic name: gaming","Gaming","ਗੇਮਿੰਗ","",""
"state name: tg","Telangana","ਤੇਲੰਗਾਨਾ","",""
"state name: ap","Andhra Pradesh","ਆਂਧਰਾ ਪ੍ਰਦੇਸ਼","",""
"state name: ar","Arunachal Pradesh","ਅਰੁਣਾਚਲ ਪ੍ਰਦੇਸ਼","",""
"state name: as","Assam","ਅਸਾਮ","",""
"state name: br","Bihar","ਬਿਹਾਰ","",""
"state name: cg","Chhattisgarh","ਛੱਤੀਸਗੜ੍ਹ","",""
"state name: ga","Goa","ਗੋਆ","",""
"state name: gj","Gujarat","ਗੁਜਰਾਤ","",""
"state name: hr","Haryana","ਹਰਿਆਣਾ","",""
"state name: hp","Himachal Pradesh","ਹਿਮਾਚਲ ਪ੍ਰਦੇਸ਼","",""
"state name: jh","Jharkhand","ਝਾਰਖੰਡ","",""
"state name: ka","Karnataka","ਕਰਨਾਟਕ","",""
"state name: kl","Kerala","ਕੇਰਲ","",""
"state name: mp","Madhya Pradesh","ਮੱਧ ਪ੍ਰਦੇਸ਼","",""
"state name: mh","Maharashtra","ਮਹਾਰਾਸ਼ਟਰ","",""
"state name: mn","Manipur","ਮਣੀਪੁਰ","",""
"state name: ml","Meghalaya","ਮੇਘਾਲਿਆ","",""
"state name: mz","Mizoram","ਮਿਜ਼ੋਰਮ","",""
"state name: nl","Nagaland","ਨਾਗਾਲੈਂਡ","",""
"state name: od","Odisha","ਓਡੀਸ਼ਾ","",""
"state name: pb","Punjab","ਪੰਜਾਬ","",""
"state name: rj","Rajasthan","ਰਾਜਸਥਾਨ","",""
"state name: sk","Sikkim","ਸਿੱਕਮ","",""
"state name: tn","Tamil Nadu","ਤਾਮਿਲਨਾਡੂ","",""
"state name: tr","Tripura","ਤ੍ਰਿਪੁਰਾ","",""
"state name: up","Uttar Pradesh","ਉੱਤਰ ਪ੍ਰਦੇਸ਼","",""
"state name: uk","Uttarakhand","ਉੱਤਰਾਖੰਡ","",""
"state name: wb","West Bengal","ਪੱਛਮੀ ਬੰਗਾਲ","",""
"state name: an","Andaman and Nicobar Islands","ਅੰਡੇਮਾਨ ਅਤੇ ਨਿਕੋਬਾਰ ਟਾਪੂ","",""
"state name: ch","Chandigarh","ਚੰਡੀਗੜ੍ਹ","",""
"state name: dn","Dadra and Nagar Haveli and Daman and Diu","ਦਾਦਰਾ ਅਤੇ ਨਗਰ ਹਵੇਲੀ ਅਤੇ ਦਮਨ ਅਤੇ ਦੀਉ","",""
"state name: dl","Delhi","ਦਿੱਲੀ","",""
"state name: jk","Jammu and Kashmir","ਜੰਮੂ ਅਤੇ ਕਸ਼ਮੀਰ","",""
"state name: la","Ladakh","ਲੱਦਾਖ","",""
"state name: ld","Lakshadweep","ਲਕਸ਼ਦੀਪ","",""
"state name: py","Puducherry","ਪੁਡੂਚੇਰੀ","",""
