"Where (key)","English","தமிழ்: current draft","Your correction (leave empty if fine)","Notes"
"tagline","Every version of the news, at your time","ஒவ்வொரு செய்தியின் எல்லா வடிவங்களும், உங்கள் நேரத்தில்","",""
"nav.feed","Feed","ஃபீட்","",""
"nav.following","Following","பின்தொடர்பவை","",""
"nav.archive","Archive","காப்பகம்","",""
"nav.sources","Our sources","எங்கள் ஆதாரங்கள்","",""
"nav.about","How it works","இது எப்படி வேலை செய்கிறது","",""
"nav.signin","Sign in","உள்நுழை","",""
"nav.settings","Settings","அமைப்புகள்","",""
"nav.menu","Main menu","முதன்மை மெனு","",""
"welcome.title","Every version of the news, at your time","ஒவ்வொரு செய்தியின் எல்லா வடிவங்களும், உங்கள் நேரத்தில்","",""
"welcome.intro","Choose your state. International and National news is the same for everyone: every public source, untouched, with a link to each original.","உங்கள் மாநிலத்தைத் தேர்ந்தெடுங்கள். சர்வதேச, தேசிய செய்திகள் அனைவருக்கும் ஒன்றே: ஒவ்வொரு பொது மூலமும், மாற்றமின்றி, ஒவ்வொரு மூலக் கட்டுரைக்கும் இணைப்புடன்.","",""
"welcome.signin","Already have an account? Sign in","ஏற்கெனவே கணக்கு உள்ளதா? உள்நுழையுங்கள்","",""
"prefs.topics","Topics","தலைப்புகள்","",""
"prefs.places","Your state","உங்கள் மாநிலம்","",""
"prefs.state","State","மாநிலம்","",""
"prefs.chooseState","Choose your state","உங்கள் மாநிலத்தைத் தேர்ந்தெடுக்கவும்","",""
"feed.chooseState","Choose your state to see its news. You can change it at any time.","உங்கள் மாநிலச் செய்திகளைப் பார்க்க மாநிலத்தைத் தேர்ந்தெடுக்கவும். எப்போது வேண்டுமானாலும் மாற்றலாம்.","",""
"prefs.statePilot","Every state is treated alike: its own outlets, in its languages and English, plus national outlets’ coverage of it. You can switch state at any time.","ஒவ்வொரு மாநிலமும் சமமாக: அதன் சொந்த செய்தி நிறுவனங்கள் (அதன் மொழிகளிலும் ஆங்கிலத்திலும்), தேசிய நிறுவனங்கள் அதைப் பற்றி வெளியிட்டவை. எப்போது வேண்டுமானாலும் மாநிலத்தை மாற்றலாம்.","",""
"prefs.hideCrime","Hide crime and accident stories","குற்றம், விபத்து செய்திகளை மறை","",""
"prefs.hideCrimeHint","Your choice. We never hide anything on our own.","இது உங்கள் தேர்வு மட்டுமே. நாங்களாக எதையும் மறைப்பதில்லை.","",""
"prefs.save","Show my news","என் செய்திகளைக் காட்டு","",""
"prefs.saveSettings","Save","சேமி","",""
"prefs.saved","Saved","சேமிக்கப்பட்டது","",""
"prefs.topicOrder","Order of topic buttons","தலைப்பு பொத்தான்களின் வரிசை","",""
"prefs.topicOrderHint","Put the topics you check most first. This only moves the buttons on your feed: all news still shows.","நீங்கள் அதிகம் பார்க்கும் தலைப்புகளை முதலில் வையுங்கள். இது ஊட்டத்தில் பொத்தான்களை மட்டுமே நகர்த்தும்: எல்லா செய்திகளும் தொடர்ந்து தெரியும்.","",""
"prefs.moveUp","Move {topic} up","{topic} மேலே நகர்த்து","",""
"prefs.moveDown","Move {topic} down","{topic} கீழே நகர்த்து","",""
"prefs.resetOrder","Reset to the standard order","வழக்கமான வரிசைக்கு மாற்று","",""
"feed.arrange","Arrange","வரிசைப்படுத்து","",""
"feed.arrangeHint","Drag the topics into the order you like (or use the arrow keys), then Save. This only moves the buttons: all news still shows.","தலைப்புகளை இழுத்து விரும்பிய வரிசையில் வையுங்கள் (அல்லது அம்பு விசைகளைப் பயன்படுத்துங்கள்), பின் சேமியுங்கள். இது பொத்தான்களை மட்டுமே நகர்த்தும்: எல்லா செய்திகளும் தெரியும்.","",""
"feed.title","Your news","உங்கள் செய்திகள்","",""
"feed.since","Since your last visit, {time}","உங்கள் கடைசி வருகை {time} முதல்","",""
"weather.pageTitle","Weather in every state","ஒவ்வொரு மாநிலத்தின் வானிலை","",""
"weather.note","At each state's and union territory's capital, not your location. Refreshed every 30 minutes.","ஒவ்வொரு மாநிலம், யூனியன் பிரதேசத்தின் தலைநகரில்; உங்கள் இருப்பிடம் அல்ல. 30 நிமிடங்களுக்கு ஒருமுறை புதுப்பிக்கப்படும்.","",""
"weather.range","{low}°–{high}° in the next 24 h","அடுத்த 24 மணி நேரத்தில் {low}°–{high}°","",""
"weather.allStates","All states","எல்லா மாநிலங்களும்","",""
"weather.credit","Weather data: MET Norway, converted to words and rounded","வானிலைத் தரவு: MET Norway, சொற்களாக மாற்றி முழு எண்களாக","",""
"weather.updated","Forecast made {time}","முன்னறிவிப்பு: {time}","",""
"weather.unavailable","Not available right now","இப்போது கிடைக்கவில்லை","",""
"sky.clear","Clear","தெளிவு","",""
"sky.partly","Partly cloudy","பகுதி மேகமூட்டம்","",""
"sky.cloudy","Cloudy","மேகமூட்டம்","",""
"sky.fog","Fog","மூடுபனி","",""
"sky.rain","Rain","மழை","",""
"sky.heavyRain","Heavy rain","கனமழை","",""
"sky.thunder","Thunderstorm","இடியுடன் மழை","",""
"sky.snow","Snow","பனி","",""
"intro.title","How Vuaz works","Vuaz எப்படி வேலை செய்கிறது","",""
"intro.one","Each story brings together every outlet's report on it: newspapers, TV and websites, in many languages.","ஒவ்வொரு செய்தியிலும் அதைப் பற்றிய ஒவ்வொரு ஊடகத்தின் செய்தியும் ஒரே இடத்தில்: நாளிதழ்கள், டிவி, இணையதளங்கள், பல மொழிகளில்.","",""
"intro.two","Open a story to see how each outlet headlined it, and compare them side by side.","ஒரு செய்தியைத் திறந்து ஒவ்வொரு ஊடகமும் என்ன தலைப்பு வைத்தது என்று பார்த்து, அருகருகே ஒப்பிடுங்கள்.","",""
"intro.three","We never rank, rate, summarise or rewrite the news. Every report links to the original.","நாங்கள் செய்திகளை வரிசைப்படுத்துவதோ மதிப்பிடுவதோ சுருக்குவதோ மாற்றி எழுதுவதோ இல்லை. ஒவ்வொரு செய்தியும் மூலத்துடன் இணைக்கப்பட்டுள்ளது.","",""
"card.versions","See all versions","எல்லா பதிப்புகளையும் பார்க்க","",""
"story.headlined","How they headlined it","யார் என்ன தலைப்பு வைத்தார்கள்","",""
"story.headlinedNote","The first report in each language, then the earliest from other outlets, in their own words. Every report is listed below.","ஒவ்வொரு மொழியிலும் முதல் செய்தி, பின்னர் மற்ற ஊடகங்களின் முதல் செய்தி, அவர்களின் சொந்த வார்த்தைகளில். எல்லா செய்திகளும் கீழே உள்ளன.","",""
"feed.nothingNew","Nothing new since your last visit","உங்கள் கடைசி வருகைக்குப் பிறகு புதிதாக எதுவும் இல்லை","",""
"kind.opinion","Opinion","கருத்து","",""
"kind.editorial","Editorial","தலையங்கம்","",""
"kind.analysis","Analysis","பகுப்பாய்வு","",""
"feed.morningName","Good morning, {name}","காலை வணக்கம், {name}","",""
"feed.afternoonName","Good afternoon, {name}","மதிய வணக்கம், {name}","",""
"feed.eveningName","Good evening, {name}","மாலை வணக்கம், {name}","",""
"feed.welcomeName","Welcome, {name}","வருக, {name}","",""
"feed.welcomeBackName","Welcome back, {name}","மீண்டும் வருக, {name}","",""
"name.title","What should we call you?","உங்களை எப்படி அழைக்கலாம்?","",""
"name.intro","We greet you by this name. Only you and our team see it.","இந்தப் பெயரில் உங்களை வரவேற்போம். இதை நீங்களும் எங்கள் குழுவும் மட்டுமே பார்க்கலாம்.","",""
"name.label","Your name","உங்கள் பெயர்","",""
"name.note","Up to 40 letters. You can change it in Settings.","40 எழுத்துகள் வரை. அமைப்புகளில் மாற்றலாம்.","",""
"name.empty","Please write a name.","தயவுசெய்து ஒரு பெயரை எழுதுங்கள்.","",""
"name.saved","Name saved.","பெயர் சேமிக்கப்பட்டது.","",""
"name.continue","Continue","தொடரவும்","",""
"name.save","Save name","பெயரைச் சேமி","",""
"settings.restricted","Your account is restricted. You can still read all the news, but following stories, saving settings and suggesting sources are turned off.","உங்கள் கணக்கு கட்டுப்படுத்தப்பட்டுள்ளது. எல்லா செய்திகளையும் படிக்கலாம், ஆனால் செய்திகளைப் பின்தொடர்வது, அமைப்புகளைச் சேமிப்பது, மூலங்களைப் பரிந்துரைப்பது நிறுத்தப்பட்டுள்ளன.","",""
"nav.watch","Watch","பாருங்கள்","",""
"feed.morning","Good morning","காலை வணக்கம்","",""
"feed.afternoon","Good afternoon","மதிய வணக்கம்","",""
"feed.evening","Good evening","மாலை வணக்கம்","",""
"feed.tagline","Every version of the news, side by side. The same for every reader.","செய்தியின் ஒவ்வொரு வடிவமும், அருகருகே. ஒவ்வொரு வாசகருக்கும் ஒன்றே.","",""
"home.mostCovered","Most covered today","இன்று அதிகம் வெளியான செய்திகள்","",""
"home.mostCoveredNote","By number of outlets reporting it. Never by clicks.","வெளியிட்ட ஊடகங்களின் எண்ணிக்கையால். கிளிக்குகளால் ஒருபோதும் இல்லை.","",""
"home.coveredBy","Covered by {n} outlets","{n} ஊடகங்கள் வெளியிட்டன","",""
"home.sourcesLangs","{n} sources · {l} languages","{n} மூலங்கள் · {l} மொழிகள்","",""
"home.sourcesLang1","{n} sources · 1 language","{n} மூலங்கள் · 1 மொழி","",""
"home.prev","Previous story","முந்தைய செய்தி","",""
"home.next","Next story","அடுத்த செய்தி","",""
"home.justIn","Just in","இப்போது வந்தவை","",""
"home.watch","Watch: latest from YouTube","பாருங்கள்: யூடியூபில் புதியவை","",""
"home.seeAll","See all","அனைத்தும் பார்","",""
"watch.title","Watch","பாருங்கள்","",""
"watch.intro","The latest videos from the official YouTube channels we follow, newest first. Each opens on YouTube.","நாங்கள் பின்தொடரும் அதிகாரப்பூர்வ யூடியூப் சேனல்களின் புதிய வீடியோக்கள், புதியவை முதலில். ஒவ்வொன்றும் யூடியூபில் திறக்கும்.","",""
"watch.empty","No videos here yet.","இங்கு இன்னும் வீடியோக்கள் இல்லை.","",""
"watch.versions","All versions","அனைத்து வடிவங்கள்","",""
"search.label","Search headlines","தலைப்புகளைத் தேடு","",""
"search.placeholder","Search headlines, places, people…","தலைப்புகள், இடங்கள், நபர்களைத் தேடு…","",""
"search.title","Search","தேடு","",""
"search.results","Stories from the last 30 days that mention “{q}”, newest first.","“{q}” உள்ள கடந்த 30 நாள் செய்திகள், புதியவை முதலில்.","",""
"search.empty","No story in the last 30 days mentions that.","கடந்த 30 நாளில் எந்தச் செய்தியிலும் இது இல்லை.","",""
"search.hint","Type at least two letters.","குறைந்தது இரண்டு எழுத்துகளைத் தட்டச்சு செய்யவும்.","",""
"theme.dark","Switch to dark mode","இருண்ட பயன்முறைக்கு மாற்று","",""
"theme.light","Switch to light mode","ஒளி பயன்முறைக்கு மாற்று","",""
"install.title","Vuaz on your home screen","உங்கள் முகப்புத் திரையில் Vuaz","",""
"install.body","Free, no app store. Catch up whenever you like.","இலவசம், ஆப் ஸ்டோர் தேவையில்லை. விரும்பும்போது படியுங்கள்.","",""
"install.button","Install the app","ஆப்பை நிறுவு","",""
"install.ios","On iPhone: tap Share, then “Add to Home Screen”.","ஐபோனில்: Share தட்டி, “Add to Home Screen” தேர்ந்தெடுக்கவும்.","",""
"feed.refreshed","News last refreshed: {time}","செய்திகள் கடைசியாகப் புதுப்பிக்கப்பட்டது: {time}","",""
"feed.hintTopic","Showing {topic} news. Tap another topic above to change.","{topic} செய்திகள் காட்டப்படுகின்றன. மாற்ற, மேலே வேறு தலைப்பைத் தட்டுங்கள்.","",""
"feed.firstVisit","Last 7 days","கடந்த 7 நாட்கள்","",""
"feed.tabInternational","International","சர்வதேசம்","",""
"feed.tabNational","National","தேசியம்","",""
"feed.tabsLabel","Area","பகுதி","",""
"feed.order","Order","வரிசை","",""
"feed.orderNote","Order is mechanical and yours to change. We never rank or rate sources.","வரிசை இயந்திரத்தனமானது, நீங்கள் மாற்றலாம். நாங்கள் ஆதாரங்களுக்குத் தரவரிசையோ மதிப்பீடோ தருவதில்லை.","",""
"feed.sources","{n} sources","{n} ஆதாரங்கள்","",""
"feed.source1","1 source so far","இதுவரை 1 ஆதாரம்","",""
"feed.reports","{n} reports","{n} செய்திகள்","",""
"feed.new","New","புதியது","",""
"feed.empty","No stories here yet for your choices.","உங்கள் தேர்வுகளுக்கு இங்கே இன்னும் செய்திகள் இல்லை.","",""
"feed.more","Show more","மேலும் காட்டு","",""
"feed.firstBy","First reported by {source}","முதலில் வெளியிட்டது: {source}","",""
"feed.demo","You are looking at sample stories. Connect Supabase (see docs/SETUP.md) to see live news.","நீங்கள் மாதிரிச் செய்திகளைப் பார்க்கிறீர்கள். நேரடிச் செய்திகளுக்கு Supabase இணைக்கவும் (docs/SETUP.md பார்க்கவும்).","",""
"feed.edit","Change my choices","என் தேர்வுகளை மாற்று","",""
"sort.sources","Most sources first","அதிக ஆதாரங்கள் முதலில்","",""
"sort.latest","Latest first","சமீபத்தியவை முதலில்","",""
"sort.random","Random","சீரற்ற முறையில்","",""
"sort.earliest","Earliest first","பழையவை முதலில்","",""
"sort.source","Source name A to Z","ஆதாரப் பெயர் வரிசையில்","",""
"story.back","Back to feed","ஃபீடுக்குத் திரும்பு","",""
"story.count","{n} reports from {s} sources","{s} ஆதாரங்களிலிருந்து {n} செய்திகள்","",""
"story.follow","Follow this story","இந்தச் செய்தியைப் பின்தொடர்","",""
"story.following","Following","பின்தொடர்கிறீர்கள்","",""
"story.unfollow","Stop following","பின்தொடர்வதை நிறுத்து","",""
"story.signInToFollow","Sign in to follow","பின்தொடர உள்நுழையுங்கள்","",""
"story.filterType","Kind of source","ஆதார வகை","",""
"story.filterLanguage","Language","மொழி","",""
"story.all","All","அனைத்தும்","",""
"story.sort","Order","வரிசை","",""
"story.orderNote","We never rank or rate sources. Order is by time unless you change it.","நாங்கள் ஆதாரங்களுக்குத் தரவரிசையோ மதிப்பீடோ தருவதில்லை. நீங்கள் மாற்றாவிட்டால் நேர வரிசை.","",""
"story.read","Read at {source}","{source} இல் படிக்கவும்","",""
"story.watch","Watch on {source}","{source} இல் பாருங்கள்","",""
"story.ownTranslator","Opens in {language}. To read it in your language, use your phone’s own translator (Google Translate, or Translate in Safari on iPhone).","{language} மொழியில் திறக்கும். உங்கள் மொழியில் படிக்க, உங்கள் ஃபோனின் மொழிபெயர்ப்பியைப் பயன்படுத்துங்கள் (Google Translate, அல்லது iPhone-இல் Safari மொழிபெயர்ப்பு).","",""
"tr.from","Translated from {language}","{language} மொழியிலிருந்து மொழிபெயர்ப்பு","",""
"tr.showOriginal","Translated by Google · show the original ({language})","Google மொழிபெயர்ப்பு · மூலத் தலைப்பைக் காட்டு ({language})","",""
"story.pictureBy","Picture: {source}","படம்: {source}","",""
"listen.all","Read aloud","உரக்கப் படி","",""
"listen.one","Listen","கேளுங்கள்","",""
"listen.stop","Stop","நிறுத்து","",""
"listen.from","From {source}.","{source} இலிருந்து.","",""
"listen.noVoice","Your phone has no {language} voice installed, so some words may be skipped or mispronounced.","உங்கள் தொலைபேசியில் {language} குரல் இல்லை; சில சொற்கள் விடுபடலாம் அல்லது தவறாக உச்சரிக்கப்படலாம்.","",""
"story.compare","Compare","ஒப்பிடு","",""
"story.compareN","Compare side by side ({n})","அருகருகே ஒப்பிடு ({n})","",""
"story.compareHint","Tick 2 or 3 reports to compare them.","ஒப்பிட 2 அல்லது 3 செய்திகளைத் தேர்ந்தெடுங்கள்.","",""
"story.compareMax","You can compare up to 3 at a time.","ஒரே நேரத்தில் அதிகபட்சம் 3 ஒப்பிடலாம்.","",""
"story.wire","Same wire text as {n} other listing(s)","மேலும் {n} பட்டியல்களில் அதே செய்தி நிறுவன உரை","",""
"story.updated","Headline changed by the source, {time}","ஆதாரம் தலைப்பை மாற்றியது, {time}","",""
"story.moreComing","New versions appear here as more outlets report. Follow the story to see them in your catch-up.","மேலும் நிறுவனங்கள் வெளியிடும்போது புதிய வடிவங்கள் இங்கே தோன்றும். உங்கள் சுருக்கத்தில் பார்க்க இந்தச் செய்தியைப் பின்தொடருங்கள்.","",""
"story.gone","This story is no longer available. Stories are kept for 30 days.","இந்தச் செய்தி இப்போது கிடைக்கவில்லை. செய்திகள் 30 நாட்கள் வைக்கப்படும்.","",""
"story.noneMatch","No reports match these filters.","இந்த வடிகட்டிகளுக்குப் பொருந்தும் செய்திகள் இல்லை.","",""
"story.firstBy","First reported by {source}, {time}","முதலில் வெளியிட்டது: {source}, {time}","",""
"ai.ask","Ask your AI","உங்கள் AI இடம் கேளுங்கள்","",""
"ai.openWith","Open with","இதில் திற","",""
"ai.note","Opens the assistant you choose with the link only. We add no question or prompt.","நீங்கள் தேர்ந்தெடுக்கும் உதவியாளரில் இணைப்பை மட்டும் திறக்கிறோம். எந்தக் கேள்வியோ ப்ராம்ப்டோ சேர்ப்பதில்லை.","",""
"ai.copied","Link copied. Paste it into {name}.","இணைப்பு நகலெடுக்கப்பட்டது. {name} இல் ஒட்டவும்.","",""
"ai.other","Copy link only","இணைப்பை மட்டும் நகலெடு","",""
"compare.title","Side by side","அருகருகே","",""
"compare.intro","As each source published it.","ஒவ்வொரு ஆதாரமும் வெளியிட்டபடியே.","",""
"compare.headline","Headline","தலைப்பு","",""
"compare.snippet","Opening text","தொடக்க உரை","",""
"compare.original","Read original","மூலத்தைப் படிக்கவும்","",""
"compare.askAll","Ask your AI about these","இவை பற்றி உங்கள் AI இடம் கேளுங்கள்","",""
"compare.none","Pick 2 or 3 reports on a story page to compare them.","ஒப்பிட, ஒரு செய்திப் பக்கத்தில் 2 அல்லது 3 செய்திகளைத் தேர்ந்தெடுங்கள்.","",""
"compare.backToStory","Back to story","செய்திக்குத் திரும்பு","",""
"following.title","Stories you follow","நீங்கள் பின்தொடரும் செய்திகள்","",""
"following.newSince","{n} new since you last looked","கடைசியாகப் பார்த்த பின் {n} புதியவை","",""
"following.noNew","No new reports since you last looked","கடைசியாகப் பார்த்த பின் புதியவை இல்லை","",""
"following.empty","Follow a developing story to see new reports here.","தொடரும் ஒரு செய்தியைப் பின்தொடர்ந்தால் புதிய செய்திகள் இங்கே தோன்றும்.","",""
"following.signIn","Sign in to follow stories.","செய்திகளைப் பின்தொடர உள்நுழையுங்கள்.","",""
"archive.title","Archive","காப்பகம்","",""
"archive.intro","Stories from 8 to 30 days ago. After 30 days they are removed.","8 முதல் 30 நாட்களுக்கு முந்தைய செய்திகள். 30 நாட்களுக்குப் பிறகு நீக்கப்படும்.","",""
"archive.search","Search headlines","தலைப்புகளில் தேடு","",""
"archive.searchButton","Search","தேடு","",""
"archive.empty","Nothing found.","எதுவும் கிடைக்கவில்லை.","",""
"sources.title","Our sources","எங்கள் ஆதாரங்கள்","",""
"sources.intro","Every outlet we collect from. Choosing sources is itself a choice, so the whole list is public and anyone can suggest more.","நாங்கள் செய்தி சேகரிக்கும் ஒவ்வொரு நிறுவனமும். ஆதாரங்களைத் தேர்ந்தெடுப்பதும் ஒரு முடிவுதான், எனவே முழுப் பட்டியலும் பொதுவில் உள்ளது; யார் வேண்டுமானாலும் புதியவற்றைப் பரிந்துரைக்கலாம்.","",""
"sources.policy","A source is included if it publishes news regularly, can be identified, and is not dedicated to hate or harassment. The same rule applies to every source.","தொடர்ந்து செய்திகளை வெளியிடும், அடையாளம் காணக்கூடிய, வெறுப்பு அல்லது துன்புறுத்தலுக்காக மட்டும் இயங்காத ஆதாரம் சேர்க்கப்படும். ஒவ்வொரு ஆதாரத்துக்கும் இதே விதி.","",""
"sources.count","{n} sources","{n} ஆதாரங்கள்","",""
"status.live","Collected","சேகரிக்கப்படுகிறது","",""
"status.to_check","Being checked","சரிபார்ப்பில்","",""
"status.broken","Feed not working","ஃபீட் வேலை செய்யவில்லை","",""
"status.no_feed","No public feed yet","இன்னும் பொது ஃபீட் இல்லை","",""
"layer.national","India","இந்தியா","",""
"layer.state","State","மாநிலம்","",""
"layer.international","International","சர்வதேசம்","",""
"suggest.title","Suggest a source","ஒரு ஆதாரத்தைப் பரிந்துரை","",""
"suggest.name","Outlet or page name","நிறுவனம் அல்லது பக்கத்தின் பெயர்","",""
"suggest.url","Website (optional)","இணையதளம் (விருப்பத்தேர்வு)","",""
"suggest.note","Anything we should know (optional)","நாங்கள் தெரிந்துகொள்ள வேண்டியவை (விருப்பத்தேர்வு)","",""
"suggest.send","Send suggestion","பரிந்துரையை அனுப்பு","",""
"suggest.thanks","Thank you. Every suggestion is checked against the published source rule.","நன்றி. ஒவ்வொரு பரிந்துரையும் வெளியிடப்பட்ட ஆதார விதியின்படி சரிபார்க்கப்படும்.","",""
"suggest.signIn","Sign in to suggest a source.","ஆதாரத்தைப் பரிந்துரைக்க உள்நுழையுங்கள்.","",""
"suggest.error","Could not send. Please check the name and try again.","அனுப்ப முடியவில்லை. பெயரைச் சரிபார்த்து மீண்டும் முயற்சிக்கவும்.","",""
"login.title","Sign in","உள்நுழை","",""
"login.intro","Save your choices and follow stories on every device. Reading needs no account.","உங்கள் தேர்வுகளைச் சேமித்து, எல்லா சாதனங்களிலும் செய்திகளைப் பின்தொடருங்கள். படிக்கக் கணக்கு தேவையில்லை.","",""
"login.google","Continue with Google","Google மூலம் தொடரவும்","",""
"login.error","Sign-in did not work. Please try again.","உள்நுழைவு நடக்கவில்லை. மீண்டும் முயற்சிக்கவும்.","",""
"login.guest","Continue without an account","கணக்கு இல்லாமல் தொடரவும்","",""
"login.notConfigured","Sign-in works once Supabase is connected (see docs/SETUP.md).","Supabase இணைக்கப்பட்ட பின் உள்நுழைவு வேலை செய்யும் (docs/SETUP.md பார்க்கவும்).","",""
"settings.title","Settings","அமைப்புகள்","",""
"settings.reading","What you see","நீங்கள் பார்ப்பவை","",""
"settings.app","App","ஆப்","",""
"settings.ui","App language","ஆப் மொழி","",""
"settings.ai","Default AI assistant","இயல்பு AI உதவியாளர்","",""
"settings.account","Account","கணக்கு","",""
"settings.signedInAs","Signed in as {email}","{email} ஆக உள்நுழைந்துள்ளீர்கள்","",""
"settings.guest","You are not signed in. Your choices are saved on this device only.","நீங்கள் உள்நுழையவில்லை. உங்கள் தேர்வுகள் இந்தச் சாதனத்தில் மட்டும் சேமிக்கப்படும்.","",""
"settings.signOut","Sign out","வெளியேறு","",""
"settings.delete","Delete my account","என் கணக்கை நீக்கு","",""
"settings.deleteConfirm","This deletes your account, choices and follows for good. Type DELETE to confirm.","இது உங்கள் கணக்கு, தேர்வுகள், பின்தொடர்வுகளை நிரந்தரமாக நீக்கும். உறுதிப்படுத்த DELETE என்று தட்டச்சு செய்யவும்.","",""
"settings.deleteButton","Delete account","கணக்கை நீக்கு","",""
"settings.inactive","Accounts unused for 12 months are deleted automatically. The app never sends email.","12 மாதங்கள் பயன்படுத்தப்படாத கணக்குகள் தானாக நீக்கப்படும். ஆப் ஒருபோதும் மின்னஞ்சல் அனுப்பாது.","",""
"group.newspaper","Newspaper","செய்தித்தாள்","",""
"group.tv","TV","டிவி","",""
"group.digital","Digital","டிஜிட்டல்","",""
"group.community","Community","சமூகம்","",""
"group.government","Government","அரசு","",""
"group.international","International","சர்வதேசம்","",""
"group.video","YouTube","யூடியூப்","",""
"footer.rule","We never rank, rate or rewrite sources.","நாங்கள் ஆதாரங்களுக்குத் தரவரிசை, மதிப்பீடு தருவதில்லை, அவற்றை மாற்றி எழுதுவதில்லை.","",""
"footer.about","How it works","இது எப்படி வேலை செய்கிறது","",""
"footer.sources","Our sources","எங்கள் ஆதாரங்கள்","",""
"footer.grievance","Grievances and takedowns","புகார்கள், நீக்கக் கோரிக்கைகள்","",""
"footer.privacy","Privacy","தனியுரிமை","",""
"footer.terms","Terms","விதிமுறைகள்","",""
"notFound.title","Page not found","பக்கம் கிடைக்கவில்லை","",""
"notFound.back","Go to your feed","உங்கள் ஃபீடுக்குச் செல்லவும்","",""
"error.title","Something went wrong","ஏதோ தவறு நடந்தது","",""
"error.retry","Try again","மீண்டும் முயற்சிக்கவும்","",""
"common.loading","Loading…","ஏற்றப்படுகிறது…","",""
"common.close","Close","மூடு","",""
"topic name: politics","Politics","அரசியல்","",""
"topic name: business","Business","வணிகம்","",""
"topic name: tech","Tech","தொழில்நுட்பம்","",""
"topic name: sports","Sports","விளையாட்டு","",""
"topic name: farming","Farming","விவசாயம்","",""
"topic name: education","Education & jobs","கல்வி & வேலைவாய்ப்பு","",""
"topic name: health","Health","சுகாதாரம்","",""
"topic name: cinema","Cinema","சினிமா","",""
"topic name: crime","Crime","குற்றம்","",""
"topic name: auto","Automobile","வாகனங்கள்","",""
"topic name: lifestyle","Lifestyle","வாழ்க்கை முறை","",""
"topic name: fashion","Fashion","ஃபேஷன்","",""
"topic name: food","Food","உணவு","",""
"topic name: travel","Travel","பயணம்","",""
"topic name: environment","Environment & weather","சுற்றுச்சூழல் & வானிலை","",""
"topic name: religion","Religion & festivals","ஆன்மிகம் & திருவிழாக்கள்","",""
"topic name: accidents","Accidents","விபத்துகள்","",""
"topic name: space","Space","விண்வெளி","",""
"topic name: gaming","Gaming","கேமிங்","",""
"state name: tg","Telangana","தெலங்கானா","",""
"state name: ap","Andhra Pradesh","ஆந்திரப் பிரதேசம்","",""
"state name: ar","Arunachal Pradesh","அருணாச்சலப் பிரதேசம்","",""
"state name: as","Assam","அசாம்","",""
"state name: br","Bihar","பீகார்","",""
"state name: cg","Chhattisgarh","சத்தீஸ்கர்","",""
"state name: ga","Goa","கோவா","",""
"state name: gj","Gujarat","குஜராத்","",""
"state name: hr","Haryana","ஹரியானா","",""
"state name: hp","Himachal Pradesh","இமாச்சலப் பிரதேசம்","",""
"state name: jh","Jharkhand","ஜார்க்கண்ட்","",""
"state name: ka","Karnataka","கர்நாடகா","",""
"state name: kl","Kerala","கேரளா","",""
"state name: mp","Madhya Pradesh","மத்தியப் பிரதேசம்","",""
"state name: mh","Maharashtra","மகாராஷ்டிரா","",""
"state name: mn","Manipur","மணிப்பூர்","",""
"state name: ml","Meghalaya","மேகாலயா","",""
"state name: mz","Mizoram","மிசோரம்","",""
"state name: nl","Nagaland","நாகாலாந்து","",""
"state name: od","Odisha","ஒடிசா","",""
"state name: pb","Punjab","பஞ்சாப்","",""
"state name: rj","Rajasthan","ராஜஸ்தான்","",""
"state name: sk","Sikkim","சிக்கிம்","",""
"state name: tn","Tamil Nadu","தமிழ்நாடு","",""
"state name: tr","Tripura","திரிபுரா","",""
"state name: up","Uttar Pradesh","உத்தரப் பிரதேசம்","",""
"state name: uk","Uttarakhand","உத்தராகண்ட்","",""
"state name: wb","West Bengal","மேற்கு வங்கம்","",""
"state name: an","Andaman and Nicobar Islands","அந்தமான் நிக்கோபார் தீவுகள்","",""
"state name: ch","Chandigarh","சண்டிகர்","",""
"state name: dn","Dadra and Nagar Haveli and Daman and Diu","தாத்ரா நகர் ஹவேலி மற்றும் டாமன் டையூ","",""
"state name: dl","Delhi","டெல்லி","",""
"state name: jk","Jammu and Kashmir","ஜம்மு காஷ்மீர்","",""
"state name: la","Ladakh","லடாக்","",""
"state name: ld","Lakshadweep","லட்சத்தீவு","",""
"state name: py","Puducherry","புதுச்சேரி","",""
