"Where (key)","English","తెలుగు: current draft","Your correction (leave empty if fine)","Notes"
"tagline","Every version of the news, at your time","ప్రతి వార్త, అన్ని వెర్షన్లు, మీకు వీలైన సమయంలో","",""
"nav.feed","Feed","ఫీడ్","",""
"nav.following","Following","ఫాలో","",""
"nav.archive","Archive","ఆర్కైవ్","",""
"nav.sources","Our sources","మా వనరులు","",""
"nav.about","How it works","ఇది ఎలా పనిచేస్తుంది","",""
"nav.signin","Sign in","సైన్ ఇన్","",""
"nav.settings","Settings","సెట్టింగ్‌లు","",""
"nav.menu","Main menu","ప్రధాన మెనూ","",""
"welcome.title","Every version of the news, at your time","ప్రతి వార్త, అన్ని వెర్షన్లు, మీకు వీలైన సమయంలో","",""
"welcome.intro","Choose your state. International and National news is the same for everyone: every public source, untouched, with a link to each original.","మీ రాష్ట్రాన్ని ఎంచుకోండి. అంతర్జాతీయ, జాతీయ వార్తలు అందరికీ ఒకటే: ప్రతి పబ్లిక్ వనరు మార్చకుండా, ప్రతి అసలు కథనానికి లింక్‌తో.","",""
"welcome.signin","Already have an account? Sign in","ఇప్పటికే ఖాతా ఉందా? సైన్ ఇన్ చేయండి","",""
"prefs.topics","Topics","అంశాలు","",""
"prefs.places","Your state","మీ రాష్ట్రం","",""
"prefs.state","State","రాష్ట్రం","",""
"prefs.chooseState","Choose your state","మీ రాష్ట్రాన్ని ఎంచుకోండి","",""
"feed.chooseState","Choose your state to see its news. You can change it at any time.","మీ రాష్ట్ర వార్తలు చూడటానికి రాష్ట్రాన్ని ఎంచుకోండి. ఎప్పుడైనా మార్చుకోవచ్చు.","",""
"prefs.statePilot","Every state is treated alike: its own outlets, in its languages and English, plus national outlets’ coverage of it. You can switch state at any time.","ప్రతి రాష్ట్రానికి ఒకే విధానం: ఆ రాష్ట్ర సొంత వార్తా సంస్థలు (దాని భాషల్లో, ఇంగ్లీష్‌లో), జాతీయ సంస్థలు దాని గురించి ఇచ్చిన వార్తలు. ఎప్పుడైనా రాష్ట్రం మార్చుకోవచ్చు.","",""
"prefs.hideCrime","Hide crime and accident stories","నేరాలు, ప్రమాదాల వార్తలు దాచు","",""
"prefs.hideCrimeHint","Your choice. We never hide anything on our own.","ఇది మీ ఎంపిక మాత్రమే. మేము మా అంతట మేము ఏదీ దాచం.","",""
"prefs.save","Show my news","నా వార్తలు చూపించు","",""
"prefs.saveSettings","Save","సేవ్ చేయి","",""
"prefs.saved","Saved","సేవ్ అయింది","",""
"prefs.topicOrder","Order of topic buttons","అంశాల బటన్ల క్రమం","",""
"prefs.topicOrderHint","Put the topics you check most first. This only moves the buttons on your feed: all news still shows.","మీరు ఎక్కువగా చూసే అంశాలను ముందు పెట్టండి. ఇది మీ ఫీడ్‌లో బటన్లను మాత్రమే జరుపుతుంది: అన్ని వార్తలు ఎప్పటిలాగే కనిపిస్తాయి.","",""
"prefs.moveUp","Move {topic} up","{topic} పైకి జరుపు","",""
"prefs.moveDown","Move {topic} down","{topic} కిందికి జరుపు","",""
"prefs.resetOrder","Reset to the standard order","మామూలు క్రమానికి మార్చు","",""
"feed.arrange","Arrange","క్రమం మార్చు","",""
"feed.arrangeHint","Drag the topics into the order you like (or use the arrow keys), then Save. This only moves the buttons: all news still shows.","అంశాలను మీకు నచ్చిన క్రమంలోకి లాగండి (లేదా బాణం కీలు వాడండి), తర్వాత సేవ్ చేయండి. ఇది బటన్లను మాత్రమే జరుపుతుంది: అన్ని వార్తలు కనిపిస్తాయి.","",""
"feed.title","Your news","మీ వార్తలు","",""
"feed.since","Since your last visit, {time}","మీరు చివరిసారి చూసిన {time} నుంచి","",""
"weather.pageTitle","Weather in every state","ప్రతి రాష్ట్రంలో వాతావరణం","",""
"weather.note","At each state's and union territory's capital, not your location. Refreshed every 30 minutes.","ప్రతి రాష్ట్రం, కేంద్రపాలిత ప్రాంతం రాజధానిలో; మీ ప్రాంతంలో కాదు. ప్రతి 30 నిమిషాలకు తాజాపరుస్తాం.","",""
"weather.range","{low}°–{high}° in the next 24 h","రాబోయే 24 గంటల్లో {low}°–{high}°","",""
"weather.allStates","All states","అన్ని రాష్ట్రాలు","",""
"weather.credit","Weather data: MET Norway, converted to words and rounded","వాతావరణ సమాచారం: MET Norway, మాటల్లోకి మార్చి, పూర్ణాంకాలుగా","",""
"weather.updated","Forecast made {time}","అంచనా: {time}","",""
"weather.unavailable","Not available right now","ప్రస్తుతం అందుబాటులో లేదు","",""
"sky.clear","Clear","నిర్మలం","",""
"sky.partly","Partly cloudy","పాక్షికంగా మేఘావృతం","",""
"sky.cloudy","Cloudy","మేఘావృతం","",""
"sky.fog","Fog","పొగమంచు","",""
"sky.rain","Rain","వర్షం","",""
"sky.heavyRain","Heavy rain","భారీ వర్షం","",""
"sky.thunder","Thunderstorm","ఉరుములతో వర్షం","",""
"sky.snow","Snow","మంచు","",""
"intro.title","How Vuaz works","Vuaz ఎలా పనిచేస్తుంది","",""
"intro.one","Each story brings together every outlet's report on it: newspapers, TV and websites, in many languages.","ప్రతి వార్తలో దాని గురించి ప్రతి మీడియా సంస్థ కథనం ఒక చోట ఉంటుంది: పత్రికలు, టీవీ, వెబ్‌సైట్లు, ఎన్నో భాషల్లో.","",""
"intro.two","Open a story to see how each outlet headlined it, and compare them side by side.","ఒక వార్తను తెరిచి ప్రతి సంస్థ దానికి ఏ శీర్షిక పెట్టిందో చూడండి, పక్కపక్కనే పోల్చండి.","",""
"intro.three","We never rank, rate, summarise or rewrite the news. Every report links to the original.","మేము వార్తలకు ర్యాంక్, రేటింగ్ ఇవ్వం; సారాంశం రాయం, మార్చి రాయం. ప్రతి కథనం అసలు దానికి లింక్ అవుతుంది.","",""
"card.versions","See all versions","అన్ని రూపాలు చూడండి","",""
"story.headlined","How they headlined it","ఎవరు ఏ శీర్షిక పెట్టారు","",""
"story.headlinedNote","The first report in each language, then the earliest from other outlets, in their own words. Every report is listed below.","ప్రతి భాషలో మొదటి కథనం, తర్వాత ఇతర సంస్థల తొలి కథనాలు, వారి మాటల్లోనే. అన్ని కథనాలు కింద ఉన్నాయి.","",""
"feed.nothingNew","Nothing new since your last visit","మీరు చివరిసారి చూసినప్పటి నుంచి కొత్తవి ఏమీ లేవు","",""
"kind.opinion","Opinion","అభిప్రాయం","",""
"kind.editorial","Editorial","సంపాదకీయం","",""
"kind.analysis","Analysis","విశ్లేషణ","",""
"feed.morningName","Good morning, {name}","శుభోదయం, {name}","",""
"feed.afternoonName","Good afternoon, {name}","శుభ మధ్యాహ్నం, {name}","",""
"feed.eveningName","Good evening, {name}","శుభ సాయంత్రం, {name}","",""
"feed.welcomeName","Welcome, {name}","స్వాగతం, {name}","",""
"feed.welcomeBackName","Welcome back, {name}","మళ్లీ స్వాగతం, {name}","",""
"name.title","What should we call you?","మిమ్మల్ని ఏమని పిలవాలి?","",""
"name.intro","We greet you by this name. Only you and our team see it.","ఈ పేరుతో మిమ్మల్ని పలకరిస్తాం. దీన్ని మీరు, మా బృందం మాత్రమే చూస్తారు.","",""
"name.label","Your name","మీ పేరు","",""
"name.note","Up to 40 letters. You can change it in Settings.","40 అక్షరాల వరకు. సెట్టింగ్‌లలో మార్చుకోవచ్చు.","",""
"name.empty","Please write a name.","దయచేసి ఒక పేరు రాయండి.","",""
"name.saved","Name saved.","పేరు సేవ్ అయింది.","",""
"name.continue","Continue","కొనసాగించు","",""
"name.save","Save name","పేరు సేవ్ చేయి","",""
"settings.restricted","Your account is restricted. You can still read all the news, but following stories, saving settings and suggesting sources are turned off.","మీ ఖాతాపై పరిమితి ఉంది. మీరు అన్ని వార్తలనూ చదవవచ్చు, కానీ కథనాలను ఫాలో చేయడం, సెట్టింగ్‌లను సేవ్ చేయడం, మూలాలను సూచించడం ఆపివేయబడ్డాయి.","",""
"nav.watch","Watch","చూడండి","",""
"feed.morning","Good morning","శుభోదయం","",""
"feed.afternoon","Good afternoon","శుభ మధ్యాహ్నం","",""
"feed.evening","Good evening","శుభ సాయంత్రం","",""
"feed.tagline","Every version of the news, side by side. The same for every reader.","వార్త ప్రతి రూపం, పక్కపక్కనే. ప్రతి పాఠకుడికీ ఒకటే.","",""
"home.mostCovered","Most covered today","ఈరోజు ఎక్కువ మంది రాసిన వార్తలు","",""
"home.mostCoveredNote","By number of outlets reporting it. Never by clicks.","రాసిన వార్తా సంస్థల సంఖ్యను బట్టి. క్లిక్‌లను బట్టి ఎప్పుడూ కాదు.","",""
"home.coveredBy","Covered by {n} outlets","{n} సంస్థలు రాశాయి","",""
"home.sourcesLangs","{n} sources · {l} languages","{n} వనరులు · {l} భాషలు","",""
"home.sourcesLang1","{n} sources · 1 language","{n} వనరులు · 1 భాష","",""
"home.prev","Previous story","మునుపటి వార్త","",""
"home.next","Next story","తర్వాతి వార్త","",""
"home.justIn","Just in","ఇప్పుడే వచ్చినవి","",""
"home.watch","Watch: latest from YouTube","చూడండి: యూట్యూబ్‌లో తాజావి","",""
"home.seeAll","See all","అన్నీ చూడండి","",""
"watch.title","Watch","చూడండి","",""
"watch.intro","The latest videos from the official YouTube channels we follow, newest first. Each opens on YouTube.","మేము అనుసరించే అధికారిక యూట్యూబ్ ఛానళ్ల తాజా వీడియోలు, కొత్తవి ముందు. ప్రతిదీ యూట్యూబ్‌లో తెరుచుకుంటుంది.","",""
"watch.empty","No videos here yet.","ఇక్కడ ఇంకా వీడియోలు లేవు.","",""
"watch.versions","All versions","అన్ని రూపాలు","",""
"search.label","Search headlines","శీర్షికలు వెతకండి","",""
"search.placeholder","Search headlines, places, people…","శీర్షికలు, ప్రాంతాలు, వ్యక్తులు వెతకండి…","",""
"search.title","Search","వెతకండి","",""
"search.results","Stories from the last 30 days that mention “{q}”, newest first.","“{q}” ఉన్న గత 30 రోజుల వార్తలు, కొత్తవి ముందు.","",""
"search.empty","No story in the last 30 days mentions that.","గత 30 రోజుల్లో ఏ వార్తలోనూ అది లేదు.","",""
"search.hint","Type at least two letters.","కనీసం రెండు అక్షరాలు టైప్ చేయండి.","",""
"theme.dark","Switch to dark mode","డార్క్ మోడ్‌కు మార్చు","",""
"theme.light","Switch to light mode","లైట్ మోడ్‌కు మార్చు","",""
"install.title","Vuaz on your home screen","మీ హోమ్ స్క్రీన్‌పై Vuaz","",""
"install.body","Free, no app store. Catch up whenever you like.","ఉచితం, యాప్ స్టోర్ అవసరం లేదు. మీకు వీలైనప్పుడు చదవండి.","",""
"install.button","Install the app","యాప్ ఇన్‌స్టాల్ చేయండి","",""
"install.ios","On iPhone: tap Share, then “Add to Home Screen”.","ఐఫోన్‌లో: Share నొక్కి, “Add to Home Screen” ఎంచుకోండి.","",""
"feed.refreshed","News last refreshed: {time}","వార్తలు చివరిగా తాజాపరిచింది: {time}","",""
"feed.hintTopic","Showing {topic} news. Tap another topic above to change.","{topic} వార్తలు చూపిస్తున్నాం. మార్చడానికి పైన మరో అంశాన్ని నొక్కండి.","",""
"feed.firstVisit","Last 7 days","గత 7 రోజులు","",""
"feed.tabInternational","International","అంతర్జాతీయం","",""
"feed.tabNational","National","జాతీయం","",""
"feed.tabsLabel","Area","ప్రాంతం","",""
"feed.order","Order","క్రమం","",""
"feed.orderNote","Order is mechanical and yours to change. We never rank or rate sources.","క్రమం యాంత్రికం, మీరు మార్చుకోవచ్చు. మేము వనరులకు ర్యాంకులు, రేటింగ్‌లు ఇవ్వం.","",""
"feed.sources","{n} sources","{n} వనరులు","",""
"feed.source1","1 source so far","ఇప్పటివరకు 1 వనరు","",""
"feed.reports","{n} reports","{n} కథనాలు","",""
"feed.new","New","కొత్తది","",""
"feed.empty","No stories here yet for your choices.","మీ ఎంపికలకు ఇక్కడ ఇంకా వార్తలు లేవు.","",""
"feed.more","Show more","మరిన్ని చూపించు","",""
"feed.firstBy","First reported by {source}","మొదట ప్రచురించింది: {source}","",""
"feed.demo","You are looking at sample stories. Connect Supabase (see docs/SETUP.md) to see live news.","మీరు నమూనా వార్తలు చూస్తున్నారు. లైవ్ వార్తల కోసం Supabase కనెక్ట్ చేయండి (docs/SETUP.md చూడండి).","",""
"feed.edit","Change my choices","నా ఎంపికలు మార్చు","",""
"sort.sources","Most sources first","ఎక్కువ వనరులు ముందు","",""
"sort.latest","Latest first","తాజావి ముందు","",""
"sort.random","Random","యాదృచ్ఛికంగా","",""
"sort.earliest","Earliest first","ముందుగా వచ్చినవి ముందు","",""
"sort.source","Source name A to Z","వనరు పేరు వరుసలో","",""
"story.back","Back to feed","ఫీడ్‌కు వెనక్కి","",""
"story.count","{n} reports from {s} sources","{s} వనరుల నుంచి {n} కథనాలు","",""
"story.follow","Follow this story","ఈ వార్తను ఫాలో చేయి","",""
"story.following","Following","ఫాలో అవుతున్నారు","",""
"story.unfollow","Stop following","ఫాలో ఆపు","",""
"story.signInToFollow","Sign in to follow","ఫాలో చేయడానికి సైన్ ఇన్ చేయండి","",""
"story.filterType","Kind of source","వనరు రకం","",""
"story.filterLanguage","Language","భాష","",""
"story.all","All","అన్నీ","",""
"story.sort","Order","క్రమం","",""
"story.orderNote","We never rank or rate sources. Order is by time unless you change it.","మేము వనరులకు ర్యాంకులు, రేటింగ్‌లు ఇవ్వం. మీరు మార్చకపోతే సమయం ప్రకారం క్రమం.","",""
"story.read","Read at {source}","{source}లో చదవండి","",""
"story.watch","Watch on {source}","{source}లో చూడండి","",""
"story.ownTranslator","Opens in {language}. To read it in your language, use your phone’s own translator (Google Translate, or Translate in Safari on iPhone).","{language}లో తెరుచుకుంటుంది. మీ భాషలో చదవడానికి మీ ఫోన్ అనువాదకాన్ని వాడండి (Google Translate, లేదా iPhoneలో Safari అనువాదం).","",""
"tr.from","Translated from {language}","{language} నుంచి అనువాదం","",""
"tr.showOriginal","Translated by Google · show the original ({language})","Google అనువాదం · అసలు శీర్షిక చూపించు ({language})","",""
"story.pictureBy","Picture: {source}","చిత్రం: {source}","",""
"listen.all","Read aloud","చదివి వినిపించు","",""
"listen.one","Listen","వినండి","",""
"listen.stop","Stop","ఆపు","",""
"listen.from","From {source}.","{source} నుంచి.","",""
"listen.noVoice","Your phone has no {language} voice installed, so some words may be skipped or mispronounced.","మీ ఫోన్‌లో {language} గొంతు లేదు; కొన్ని పదాలు వదిలేయవచ్చు లేదా తప్పుగా పలకవచ్చు.","",""
"story.compare","Compare","పోల్చు","",""
"story.compareN","Compare side by side ({n})","పక్కపక్కన పోల్చండి ({n})","",""
"story.compareHint","Tick 2 or 3 reports to compare them.","పోల్చడానికి 2 లేదా 3 కథనాలు ఎంచుకోండి.","",""
"story.compareMax","You can compare up to 3 at a time.","ఒకేసారి గరిష్ఠంగా 3 పోల్చవచ్చు.","",""
"story.wire","Same wire text as {n} other listing(s)","మరో {n} కథనాల్లోనూ ఇదే వార్తా సంస్థ పాఠం","",""
"story.updated","Headline changed by the source, {time}","వనరు శీర్షిక మార్చింది, {time}","",""
"story.moreComing","New versions appear here as more outlets report. Follow the story to see them in your catch-up.","మరిన్ని సంస్థలు ప్రచురించినప్పుడు కొత్త వెర్షన్లు ఇక్కడ కనిపిస్తాయి. మీ అప్‌డేట్‌లో చూడాలంటే ఫాలో చేయండి.","",""
"story.gone","This story is no longer available. Stories are kept for 30 days.","ఈ వార్త ఇప్పుడు అందుబాటులో లేదు. వార్తలను 30 రోజులు మాత్రమే ఉంచుతాం.","",""
"story.noneMatch","No reports match these filters.","ఈ ఫిల్టర్లకు సరిపోయే కథనాలు లేవు.","",""
"story.firstBy","First reported by {source}, {time}","మొదట ప్రచురించింది: {source}, {time}","",""
"ai.ask","Ask your AI","మీ AIని అడగండి","",""
"ai.openWith","Open with","దీనితో తెరవండి","",""
"ai.note","Opens the assistant you choose with the link only. We add no question or prompt.","మీరు ఎంచుకున్న అసిస్టెంట్‌లో లింక్ మాత్రమే తెరుస్తాం. మేము ఎలాంటి ప్రశ్న లేదా ప్రాంప్ట్ జోడించం.","",""
"ai.copied","Link copied. Paste it into {name}.","లింక్ కాపీ అయింది. {name}లో పేస్ట్ చేయండి.","",""
"ai.other","Copy link only","లింక్ మాత్రమే కాపీ చేయి","",""
"compare.title","Side by side","పక్కపక్కన","",""
"compare.intro","As each source published it.","ప్రతి వనరు ప్రచురించినట్లుగానే.","",""
"compare.headline","Headline","శీర్షిక","",""
"compare.snippet","Opening text","మొదటి వాక్యాలు","",""
"compare.original","Read original","అసలు కథనం చదవండి","",""
"compare.askAll","Ask your AI about these","వీటి గురించి మీ AIని అడగండి","",""
"compare.none","Pick 2 or 3 reports on a story page to compare them.","పోల్చడానికి ఒక వార్త పేజీలో 2 లేదా 3 కథనాలు ఎంచుకోండి.","",""
"compare.backToStory","Back to story","వార్తకు వెనక్కి","",""
"following.title","Stories you follow","మీరు ఫాలో అవుతున్న వార్తలు","",""
"following.newSince","{n} new since you last looked","మీరు చివరిసారి చూసిన తర్వాత {n} కొత్తవి","",""
"following.noNew","No new reports since you last looked","మీరు చివరిసారి చూసిన తర్వాత కొత్తవి లేవు","",""
"following.empty","Follow a developing story to see new reports here.","కొనసాగుతున్న వార్తను ఫాలో చేస్తే కొత్త కథనాలు ఇక్కడ కనిపిస్తాయి.","",""
"following.signIn","Sign in to follow stories.","వార్తలను ఫాలో చేయడానికి సైన్ ఇన్ చేయండి.","",""
"archive.title","Archive","ఆర్కైవ్","",""
"archive.intro","Stories from 8 to 30 days ago. After 30 days they are removed.","8 నుంచి 30 రోజుల క్రితం వార్తలు. 30 రోజుల తర్వాత తొలగిస్తాం.","",""
"archive.search","Search headlines","శీర్షికల్లో వెతకండి","",""
"archive.searchButton","Search","వెతుకు","",""
"archive.empty","Nothing found.","ఏమీ దొరకలేదు.","",""
"sources.title","Our sources","మా వనరులు","",""
"sources.intro","Every outlet we collect from. Choosing sources is itself a choice, so the whole list is public and anyone can suggest more.","మేము వార్తలు సేకరించే ప్రతి సంస్థ. వనరుల ఎంపిక కూడా ఒక నిర్ణయమే, అందుకే పూర్తి జాబితా పబ్లిక్‌గా ఉంచాం. ఎవరైనా కొత్తవి సూచించవచ్చు.","",""
"sources.policy","A source is included if it publishes news regularly, can be identified, and is not dedicated to hate or harassment. The same rule applies to every source.","క్రమం తప్పకుండా వార్తలు ప్రచురించే, గుర్తించగలిగే, ద్వేషం లేదా వేధింపులకే అంకితం కాని వనరును చేర్చుతాం. ప్రతి వనరుకు ఇదే నియమం.","",""
"sources.count","{n} sources","{n} వనరులు","",""
"status.live","Collected","సేకరిస్తున్నాం","",""
"status.to_check","Being checked","పరిశీలనలో ఉంది","",""
"status.broken","Feed not working","ఫీడ్ పనిచేయడం లేదు","",""
"status.no_feed","No public feed yet","పబ్లిక్ ఫీడ్ ఇంకా లేదు","",""
"layer.national","India","జాతీయ","",""
"layer.state","State","రాష్ట్రం","",""
"layer.international","International","అంతర్జాతీయం","",""
"suggest.title","Suggest a source","ఒక వనరును సూచించండి","",""
"suggest.name","Outlet or page name","సంస్థ లేదా పేజీ పేరు","",""
"suggest.url","Website (optional)","వెబ్‌సైట్ (ఐచ్ఛికం)","",""
"suggest.note","Anything we should know (optional)","మాకు తెలియాల్సినది ఏదైనా (ఐచ్ఛికం)","",""
"suggest.send","Send suggestion","సూచన పంపండి","",""
"suggest.thanks","Thank you. Every suggestion is checked against the published source rule.","ధన్యవాదాలు. ప్రతి సూచనను ప్రచురించిన వనరుల నియమం ప్రకారం పరిశీలిస్తాం.","",""
"suggest.signIn","Sign in to suggest a source.","వనరును సూచించడానికి సైన్ ఇన్ చేయండి.","",""
"suggest.error","Could not send. Please check the name and try again.","పంపలేకపోయాం. పేరు సరిచూసి మళ్లీ ప్రయత్నించండి.","",""
"login.title","Sign in","సైన్ ఇన్","",""
"login.intro","Save your choices and follow stories on every device. Reading needs no account.","మీ ఎంపికలు సేవ్ చేసి, ఏ పరికరంలోనైనా వార్తలను ఫాలో చేయండి. చదవడానికి ఖాతా అవసరం లేదు.","",""
"login.google","Continue with Google","Googleతో కొనసాగండి","",""
"login.error","Sign-in did not work. Please try again.","సైన్ ఇన్ కాలేదు. మళ్లీ ప్రయత్నించండి.","",""
"login.guest","Continue without an account","ఖాతా లేకుండా కొనసాగండి","",""
"login.notConfigured","Sign-in works once Supabase is connected (see docs/SETUP.md).","Supabase కనెక్ట్ చేసిన తర్వాత సైన్ ఇన్ పనిచేస్తుంది (docs/SETUP.md చూడండి).","",""
"settings.title","Settings","సెట్టింగ్‌లు","",""
"settings.reading","What you see","మీకు కనిపించేవి","",""
"settings.app","App","యాప్","",""
"settings.ui","App language","యాప్ భాష","",""
"settings.ai","Default AI assistant","డిఫాల్ట్ AI అసిస్టెంట్","",""
"settings.account","Account","ఖాతా","",""
"settings.signedInAs","Signed in as {email}","{email}గా సైన్ ఇన్ అయ్యారు","",""
"settings.guest","You are not signed in. Your choices are saved on this device only.","మీరు సైన్ ఇన్ కాలేదు. మీ ఎంపికలు ఈ పరికరంలో మాత్రమే సేవ్ అవుతాయి.","",""
"settings.signOut","Sign out","సైన్ అవుట్","",""
"settings.delete","Delete my account","నా ఖాతా తొలగించు","",""
"settings.deleteConfirm","This deletes your account, choices and follows for good. Type DELETE to confirm.","ఇది మీ ఖాతా, ఎంపికలు, ఫాలోలను శాశ్వతంగా తొలగిస్తుంది. నిర్ధారించడానికి DELETE అని టైప్ చేయండి.","",""
"settings.deleteButton","Delete account","ఖాతా తొలగించు","",""
"settings.inactive","Accounts unused for 12 months are deleted automatically. The app never sends email.","12 నెలలు ఉపయోగించని ఖాతాలు ఆటోమేటిక్‌గా తొలగించబడతాయి. యాప్ ఎప్పుడూ ఈమెయిల్ పంపదు.","",""
"group.newspaper","Newspaper","వార్తాపత్రిక","",""
"group.tv","TV","టీవీ","",""
"group.digital","Digital","డిజిటల్","",""
"group.community","Community","కమ్యూనిటీ","",""
"group.government","Government","ప్రభుత్వం","",""
"group.international","International","అంతర్జాతీయ","",""
"group.video","YouTube","యూట్యూబ్","",""
"footer.rule","We never rank, rate or rewrite sources.","మేము వనరులకు ర్యాంకులు, రేటింగ్‌లు ఇవ్వం, వాటి మాటలు మార్చం.","",""
"footer.about","How it works","ఇది ఎలా పనిచేస్తుంది","",""
"footer.sources","Our sources","మా వనరులు","",""
"footer.grievance","Grievances and takedowns","ఫిర్యాదులు, తొలగింపు అభ్యర్థనలు","",""
"footer.privacy","Privacy","గోప్యత","",""
"footer.terms","Terms","నిబంధనలు","",""
"notFound.title","Page not found","పేజీ కనిపించలేదు","",""
"notFound.back","Go to your feed","మీ ఫీడ్‌కు వెళ్లండి","",""
"error.title","Something went wrong","ఏదో తప్పు జరిగింది","",""
"error.retry","Try again","మళ్లీ ప్రయత్నించండి","",""
"common.loading","Loading…","లోడ్ అవుతోంది…","",""
"common.close","Close","మూసివేయి","",""
"topic name: politics","Politics","రాజకీయాలు","",""
"topic name: business","Business","వ్యాపారం","",""
"topic name: tech","Tech","టెక్","",""
"topic name: sports","Sports","క్రీడలు","",""
"topic name: farming","Farming","వ్యవసాయం","",""
"topic name: education","Education & jobs","విద్య & ఉద్యోగాలు","",""
"topic name: health","Health","ఆరోగ్యం","",""
"topic name: cinema","Cinema","సినిమా","",""
"topic name: crime","Crime","నేరాలు","",""
"topic name: auto","Automobile","ఆటోమొబైల్","",""
"topic name: lifestyle","Lifestyle","జీవనశైలి","",""
"topic name: fashion","Fashion","ఫ్యాషన్","",""
"topic name: food","Food","ఆహారం","",""
"topic name: travel","Travel","ప్రయాణం","",""
"topic name: environment","Environment & weather","పర్యావరణం & వాతావరణం","",""
"topic name: religion","Religion & festivals","ఆధ్యాత్మికం & పండుగలు","",""
"topic name: accidents","Accidents","ప్రమాదాలు","",""
"topic name: space","Space","అంతరిక్షం","",""
"topic name: gaming","Gaming","గేమింగ్","",""
"state name: tg","Telangana","తెలంగాణ","",""
"state name: ap","Andhra Pradesh","ఆంధ్రప్రదేశ్","",""
"state name: ar","Arunachal Pradesh","అరుణాచల్ ప్రదేశ్","",""
"state name: as","Assam","అస్సాం","",""
"state name: br","Bihar","బీహార్","",""
"state name: cg","Chhattisgarh","ఛత్తీస్‌గఢ్","",""
"state name: ga","Goa","గోవా","",""
"state name: gj","Gujarat","గుజరాత్","",""
"state name: hr","Haryana","హర్యానా","",""
"state name: hp","Himachal Pradesh","హిమాచల్ ప్రదేశ్","",""
"state name: jh","Jharkhand","జార్ఖండ్","",""
"state name: ka","Karnataka","కర్ణాటక","",""
"state name: kl","Kerala","కేరళ","",""
"state name: mp","Madhya Pradesh","మధ్యప్రదేశ్","",""
"state name: mh","Maharashtra","మహారాష్ట్ర","",""
"state name: mn","Manipur","మణిపూర్","",""
"state name: ml","Meghalaya","మేఘాలయ","",""
"state name: mz","Mizoram","మిజోరం","",""
"state name: nl","Nagaland","నాగాలాండ్","",""
"state name: od","Odisha","ఒడిశా","",""
"state name: pb","Punjab","పంజాబ్","",""
"state name: rj","Rajasthan","రాజస్థాన్","",""
"state name: sk","Sikkim","సిక్కిం","",""
"state name: tn","Tamil Nadu","తమిళనాడు","",""
"state name: tr","Tripura","త్రిపుర","",""
"state name: up","Uttar Pradesh","ఉత్తరప్రదేశ్","",""
"state name: uk","Uttarakhand","ఉత్తరాఖండ్","",""
"state name: wb","West Bengal","పశ్చిమ బెంగాల్","",""
"state name: an","Andaman and Nicobar Islands","అండమాన్ నికోబార్","",""
"state name: ch","Chandigarh","చండీగఢ్","",""
"state name: dn","Dadra and Nagar Haveli and Daman and Diu","దాద్రా నగర్ హవేలీ, డామన్ డయ్యూ","",""
"state name: dl","Delhi","ఢిల్లీ","",""
"state name: jk","Jammu and Kashmir","జమ్మూ కాశ్మీర్","",""
"state name: la","Ladakh","లడఖ్","",""
"state name: ld","Lakshadweep","లక్షద్వీప్","",""
"state name: py","Puducherry","పుదుచ్చేరి","",""
