"Where (key)","English","اردو: current draft","Your correction (leave empty if fine)","Notes"
"tagline","Every version of the news, at your time","ہر خبر کی تمام صورتیں، آپ کے وقت پر","",""
"nav.feed","Feed","فیڈ","",""
"nav.following","Following","فالو","",""
"nav.archive","Archive","آرکائیو","",""
"nav.sources","Our sources","ہمارے ذرائع","",""
"nav.about","How it works","یہ کیسے کام کرتا ہے","",""
"nav.signin","Sign in","سائن اِن","",""
"nav.settings","Settings","ترتیبات","",""
"nav.menu","Main menu","مرکزی مینو","",""
"welcome.title","Every version of the news, at your time","ہر خبر کی تمام صورتیں، آپ کے وقت پر","",""
"welcome.intro","Choose your state. International and National news is the same for everyone: every public source, untouched, with a link to each original.","اپنی ریاست منتخب کریں۔ بین الاقوامی اور قومی خبریں سب کے لیے ایک جیسی ہیں: ہر عوامی ذریعہ، بغیر تبدیلی کے، ہر اصل مضمون کے لنک کے ساتھ۔","",""
"welcome.signin","Already have an account? Sign in","پہلے سے اکاؤنٹ ہے؟ سائن اِن کریں","",""
"prefs.topics","Topics","موضوعات","",""
"prefs.places","Your state","آپ کی ریاست","",""
"prefs.state","State","ریاست","",""
"prefs.chooseState","Choose your state","اپنی ریاست منتخب کریں","",""
"feed.chooseState","Choose your state to see its news. You can change it at any time.","اپنی ریاست کی خبریں دیکھنے کے لیے ریاست منتخب کریں۔ آپ اسے کبھی بھی بدل سکتے ہیں۔","",""
"prefs.statePilot","Every state is treated alike: its own outlets, in its languages and English, plus national outlets’ coverage of it. You can switch state at any time.","ہر ریاست کے ساتھ یکساں سلوک: اس کے اپنے خبر رساں ادارے (اس کی زبانوں اور انگریزی میں) اور قومی اداروں میں اس کی خبریں۔ آپ کبھی بھی ریاست بدل سکتے ہیں۔","",""
"prefs.hideCrime","Hide crime and accident stories","جرائم اور حادثات کی خبریں چھپائیں","",""
"prefs.hideCrimeHint","Your choice. We never hide anything on our own.","یہ صرف آپ کا انتخاب ہے۔ ہم اپنی طرف سے کچھ نہیں چھپاتے۔","",""
"prefs.save","Show my news","میری خبریں دکھائیں","",""
"prefs.saveSettings","Save","محفوظ کریں","",""
"prefs.saved","Saved","محفوظ ہو گیا","",""
"prefs.topicOrder","Order of topic buttons","موضوع بٹنوں کی ترتیب","",""
"prefs.topicOrderHint","Put the topics you check most first. This only moves the buttons on your feed: all news still shows.","جو موضوعات آپ سب سے زیادہ دیکھتے ہیں انہیں پہلے رکھیں۔ اس سے فیڈ پر صرف بٹن آگے پیچھے ہوتے ہیں: تمام خبریں دکھتی رہتی ہیں۔","",""
"prefs.moveUp","Move {topic} up","{topic} اوپر کریں","",""
"prefs.moveDown","Move {topic} down","{topic} نیچے کریں","",""
"prefs.resetOrder","Reset to the standard order","معمول کی ترتیب پر واپس","",""
"feed.arrange","Arrange","ترتیب دیں","",""
"feed.arrangeHint","Drag the topics into the order you like (or use the arrow keys), then Save. This only moves the buttons: all news still shows.","موضوعات کو گھسیٹ کر اپنی پسند کی ترتیب میں رکھیں (یا تیر والی کلیدیں استعمال کریں)، پھر محفوظ کریں۔ اس سے صرف بٹن ہلتے ہیں: تمام خبریں دکھتی رہتی ہیں۔","",""
"feed.title","Your news","آپ کی خبریں","",""
"feed.since","Since your last visit, {time}","آپ کے پچھلے دورے {time} سے","",""
"weather.pageTitle","Weather in every state","ہر ریاست کا موسم","",""
"weather.note","At each state's and union territory's capital, not your location. Refreshed every 30 minutes.","ہر ریاست اور مرکزی علاقے کے دارالحکومت کا، آپ کے مقام کا نہیں۔ ہر 30 منٹ میں تازہ۔","",""
"weather.range","{low}°–{high}° in the next 24 h","اگلے 24 گھنٹوں میں {low}°–{high}°","",""
"weather.allStates","All states","تمام ریاستیں","",""
"weather.credit","Weather data: MET Norway, converted to words and rounded","موسمی ڈیٹا: MET Norway، الفاظ میں تبدیل اور گول","",""
"weather.updated","Forecast made {time}","پیش گوئی: {time}","",""
"weather.unavailable","Not available right now","ابھی دستیاب نہیں","",""
"sky.clear","Clear","صاف","",""
"sky.partly","Partly cloudy","جزوی ابر آلود","",""
"sky.cloudy","Cloudy","ابر آلود","",""
"sky.fog","Fog","دھند","",""
"sky.rain","Rain","بارش","",""
"sky.heavyRain","Heavy rain","تیز بارش","",""
"sky.thunder","Thunderstorm","گرج چمک","",""
"sky.snow","Snow","برف","",""
"intro.title","How Vuaz works","Vuaz کیسے کام کرتا ہے","",""
"intro.one","Each story brings together every outlet's report on it: newspapers, TV and websites, in many languages.","ہر خبر میں اس پر ہر میڈیا ادارے کی رپورٹ ایک جگہ: اخبار، ٹی وی اور ویب سائٹس، کئی زبانوں میں۔","",""
"intro.two","Open a story to see how each outlet headlined it, and compare them side by side.","کوئی خبر کھول کر دیکھیں کہ ہر ادارے نے اسے کیا سرخی دی، اور انہیں ساتھ ساتھ موازنہ کریں۔","",""
"intro.three","We never rank, rate, summarise or rewrite the news. Every report links to the original.","ہم خبروں کی درجہ بندی، ریٹنگ، خلاصہ یا دوبارہ تحریر نہیں کرتے۔ ہر رپورٹ اصل سے جڑی ہے۔","",""
"card.versions","See all versions","تمام روپ دیکھیں","",""
"story.headlined","How they headlined it","کس نے کیا سرخی دی","",""
"story.headlinedNote","The first report in each language, then the earliest from other outlets, in their own words. Every report is listed below.","ہر زبان کی پہلی رپورٹ، پھر دوسرے اداروں کی سب سے پہلی، انہی کے الفاظ میں۔ تمام رپورٹیں نیچے ہیں۔","",""
"feed.nothingNew","Nothing new since your last visit","آپ کی پچھلی آمد کے بعد کچھ نیا نہیں","",""
"kind.opinion","Opinion","رائے","",""
"kind.editorial","Editorial","اداریہ","",""
"kind.analysis","Analysis","تجزیہ","",""
"feed.morningName","Good morning, {name}","صبح بخیر، {name}","",""
"feed.afternoonName","Good afternoon, {name}","سہ پہر بخیر، {name}","",""
"feed.eveningName","Good evening, {name}","شام بخیر، {name}","",""
"feed.welcomeName","Welcome, {name}","خوش آمدید، {name}","",""
"feed.welcomeBackName","Welcome back, {name}","دوبارہ خوش آمدید، {name}","",""
"name.title","What should we call you?","ہم آپ کو کس نام سے پکاریں؟","",""
"name.intro","We greet you by this name. Only you and our team see it.","ہم آپ کو اسی نام سے سلام کریں گے۔ اسے صرف آپ اور ہماری ٹیم دیکھتی ہے۔","",""
"name.label","Your name","آپ کا نام","",""
"name.note","Up to 40 letters. You can change it in Settings.","40 حروف تک۔ ترتیبات میں بدل سکتے ہیں۔","",""
"name.empty","Please write a name.","براہ کرم ایک نام لکھیں۔","",""
"name.saved","Name saved.","نام محفوظ ہو گیا۔","",""
"name.continue","Continue","آگے بڑھیں","",""
"name.save","Save name","نام محفوظ کریں","",""
"settings.restricted","Your account is restricted. You can still read all the news, but following stories, saving settings and suggesting sources are turned off.","آپ کا اکاؤنٹ محدود ہے۔ آپ تمام خبریں پڑھ سکتے ہیں، لیکن خبروں کو فالو کرنا، ترتیبات محفوظ کرنا اور ذرائع تجویز کرنا بند ہے۔","",""
"nav.watch","Watch","دیکھیں","",""
"feed.morning","Good morning","صبح بخیر","",""
"feed.afternoon","Good afternoon","سہ پہر بخیر","",""
"feed.evening","Good evening","شام بخیر","",""
"feed.tagline","Every version of the news, side by side. The same for every reader.","خبر کا ہر روپ، ساتھ ساتھ۔ ہر قاری کے لیے ایک جیسا۔","",""
"home.mostCovered","Most covered today","آج سب سے زیادہ شائع ہونے والی خبریں","",""
"home.mostCoveredNote","By number of outlets reporting it. Never by clicks.","شائع کرنے والے اداروں کی تعداد سے۔ کلکس سے کبھی نہیں۔","",""
"home.coveredBy","Covered by {n} outlets","{n} اداروں نے شائع کیا","",""
"home.sourcesLangs","{n} sources · {l} languages","{n} ذرائع · {l} زبانیں","",""
"home.sourcesLang1","{n} sources · 1 language","{n} ذرائع · 1 زبان","",""
"home.prev","Previous story","پچھلی خبر","",""
"home.next","Next story","اگلی خبر","",""
"home.justIn","Just in","ابھی ابھی","",""
"home.watch","Watch: latest from YouTube","دیکھیں: یوٹیوب سے تازہ","",""
"home.seeAll","See all","سب دیکھیں","",""
"watch.title","Watch","دیکھیں","",""
"watch.intro","The latest videos from the official YouTube channels we follow, newest first. Each opens on YouTube.","ہم جن سرکاری یوٹیوب چینلز کو فالو کرتے ہیں ان کی تازہ ویڈیوز، نئی پہلے۔ ہر ویڈیو یوٹیوب پر کھلتی ہے۔","",""
"watch.empty","No videos here yet.","یہاں ابھی کوئی ویڈیو نہیں۔","",""
"watch.versions","All versions","تمام روپ","",""
"search.label","Search headlines","سرخیاں تلاش کریں","",""
"search.placeholder","Search headlines, places, people…","سرخیاں، جگہیں، لوگ تلاش کریں…","",""
"search.title","Search","تلاش","",""
"search.results","Stories from the last 30 days that mention “{q}”, newest first.","پچھلے 30 دنوں کی خبریں جن میں “{q}” ہے، نئی پہلے۔","",""
"search.empty","No story in the last 30 days mentions that.","پچھلے 30 دنوں کی کسی خبر میں یہ نہیں۔","",""
"search.hint","Type at least two letters.","کم از کم دو حروف لکھیں۔","",""
"theme.dark","Switch to dark mode","ڈارک موڈ پر جائیں","",""
"theme.light","Switch to light mode","لائٹ موڈ پر جائیں","",""
"install.title","Vuaz on your home screen","اپنی ہوم اسکرین پر Vuaz","",""
"install.body","Free, no app store. Catch up whenever you like.","مفت، ایپ اسٹور کی ضرورت نہیں۔ جب چاہیں پڑھیں۔","",""
"install.button","Install the app","ایپ انسٹال کریں","",""
"install.ios","On iPhone: tap Share, then “Add to Home Screen”.","آئی فون پر: Share دبائیں، پھر “Add to Home Screen”۔","",""
"feed.refreshed","News last refreshed: {time}","خبریں آخری بار تازہ ہوئیں: {time}","",""
"feed.hintTopic","Showing {topic} news. Tap another topic above to change.","{topic} کی خبریں دکھائی جا رہی ہیں۔ بدلنے کے لیے اوپر کوئی دوسرا موضوع چنیں۔","",""
"feed.firstVisit","Last 7 days","پچھلے 7 دن","",""
"feed.tabInternational","International","بین الاقوامی","",""
"feed.tabNational","National","قومی","",""
"feed.tabsLabel","Area","علاقہ","",""
"feed.order","Order","ترتیب","",""
"feed.orderNote","Order is mechanical and yours to change. We never rank or rate sources.","ترتیب میکانکی ہے اور آپ اسے بدل سکتے ہیں۔ ہم ذرائع کو درجہ یا ریٹنگ نہیں دیتے۔","",""
"feed.sources","{n} sources","{n} ذرائع","",""
"feed.source1","1 source so far","اب تک 1 ذریعہ","",""
"feed.reports","{n} reports","{n} رپورٹیں","",""
"feed.new","New","نیا","",""
"feed.empty","No stories here yet for your choices.","آپ کے انتخاب کے لیے یہاں ابھی کوئی خبر نہیں۔","",""
"feed.more","Show more","مزید دکھائیں","",""
"feed.firstBy","First reported by {source}","سب سے پہلے شائع کیا: {source}","",""
"feed.demo","You are looking at sample stories. Connect Supabase (see docs/SETUP.md) to see live news.","آپ نمونے کی خبریں دیکھ رہے ہیں۔ براہِ راست خبروں کے لیے Supabase جوڑیں (docs/SETUP.md دیکھیں)۔","",""
"feed.edit","Change my choices","میرا انتخاب بدلیں","",""
"sort.sources","Most sources first","سب سے زیادہ ذرائع پہلے","",""
"sort.latest","Latest first","تازہ ترین پہلے","",""
"sort.random","Random","بے ترتیب","",""
"sort.earliest","Earliest first","سب سے پرانی پہلے","",""
"sort.source","Source name A to Z","ذریعے کے نام کی ترتیب سے","",""
"story.back","Back to feed","فیڈ پر واپس","",""
"story.count","{n} reports from {s} sources","{s} ذرائع سے {n} رپورٹیں","",""
"story.follow","Follow this story","اس خبر کو فالو کریں","",""
"story.following","Following","فالو کر رہے ہیں","",""
"story.unfollow","Stop following","فالو کرنا بند کریں","",""
"story.signInToFollow","Sign in to follow","فالو کرنے کے لیے سائن اِن کریں","",""
"story.filterType","Kind of source","ذریعے کی قسم","",""
"story.filterLanguage","Language","زبان","",""
"story.all","All","تمام","",""
"story.sort","Order","ترتیب","",""
"story.orderNote","We never rank or rate sources. Order is by time unless you change it.","ہم ذرائع کو درجہ یا ریٹنگ نہیں دیتے۔ جب تک آپ نہ بدلیں، ترتیب وقت کے مطابق ہے۔","",""
"story.read","Read at {source}","{source} پر پڑھیں","",""
"story.watch","Watch on {source}","{source} پر دیکھیں","",""
"story.ownTranslator","Opens in {language}. To read it in your language, use your phone’s own translator (Google Translate, or Translate in Safari on iPhone).","یہ {language} میں کھلے گا۔ اپنی زبان میں پڑھنے کے لیے فون کا مترجم استعمال کریں (Google Translate، یا iPhone پر Safari میں ترجمہ)۔","",""
"tr.from","Translated from {language}","{language} سے ترجمہ","",""
"tr.showOriginal","Translated by Google · show the original ({language})","Google ترجمہ · اصل سرخی دیکھیں ({language})","",""
"story.pictureBy","Picture: {source}","تصویر: {source}","",""
"listen.all","Read aloud","پڑھ کر سنائیں","",""
"listen.one","Listen","سنیں","",""
"listen.stop","Stop","روکیں","",""
"listen.from","From {source}.","{source} سے۔","",""
"listen.noVoice","Your phone has no {language} voice installed, so some words may be skipped or mispronounced.","آپ کے فون میں {language} آواز نہیں ہے؛ کچھ الفاظ چھوٹ سکتے ہیں یا غلط پڑھے جا سکتے ہیں۔","",""
"story.compare","Compare","موازنہ","",""
"story.compareN","Compare side by side ({n})","ساتھ ساتھ موازنہ کریں ({n})","",""
"story.compareHint","Tick 2 or 3 reports to compare them.","موازنے کے لیے 2 یا 3 رپورٹیں چنیں۔","",""
"story.compareMax","You can compare up to 3 at a time.","ایک وقت میں زیادہ سے زیادہ 3 کا موازنہ کر سکتے ہیں۔","",""
"story.wire","Same wire text as {n} other listing(s)","مزید {n} فہرستوں میں بھی یہی خبر رساں ایجنسی کا متن","",""
"story.updated","Headline changed by the source, {time}","ذریعے نے سرخی بدلی، {time}","",""
"story.moreComing","New versions appear here as more outlets report. Follow the story to see them in your catch-up.","جیسے جیسے مزید ادارے رپورٹ کریں گے، نئی صورتیں یہاں دکھیں گی۔ اپنی اپڈیٹ میں دیکھنے کے لیے خبر فالو کریں۔","",""
"story.gone","This story is no longer available. Stories are kept for 30 days.","یہ خبر اب دستیاب نہیں۔ خبریں 30 دن تک رکھی جاتی ہیں۔","",""
"story.noneMatch","No reports match these filters.","ان فلٹرز سے کوئی رپورٹ میل نہیں کھاتی۔","",""
"story.firstBy","First reported by {source}, {time}","سب سے پہلے شائع کیا: {source}، {time}","",""
"ai.ask","Ask your AI","اپنے AI سے پوچھیں","",""
"ai.openWith","Open with","اس میں کھولیں","",""
"ai.note","Opens the assistant you choose with the link only. We add no question or prompt.","آپ کا چنا ہوا اسسٹنٹ صرف لنک کے ساتھ کھلتا ہے۔ ہم کوئی سوال یا پرامپٹ شامل نہیں کرتے۔","",""
"ai.copied","Link copied. Paste it into {name}.","لنک کاپی ہو گیا۔ اسے {name} میں پیسٹ کریں۔","",""
"ai.other","Copy link only","صرف لنک کاپی کریں","",""
"compare.title","Side by side","ساتھ ساتھ","",""
"compare.intro","As each source published it.","جیسا ہر ذریعے نے شائع کیا۔","",""
"compare.headline","Headline","سرخی","",""
"compare.snippet","Opening text","ابتدائی متن","",""
"compare.original","Read original","اصل پڑھیں","",""
"compare.askAll","Ask your AI about these","ان کے بارے میں اپنے AI سے پوچھیں","",""
"compare.none","Pick 2 or 3 reports on a story page to compare them.","موازنے کے لیے کسی خبر کے صفحے پر 2 یا 3 رپورٹیں چنیں۔","",""
"compare.backToStory","Back to story","خبر پر واپس","",""
"following.title","Stories you follow","جن خبروں کو آپ فالو کرتے ہیں","",""
"following.newSince","{n} new since you last looked","پچھلی بار دیکھنے کے بعد {n} نئی","",""
"following.noNew","No new reports since you last looked","پچھلی بار دیکھنے کے بعد کوئی نئی رپورٹ نہیں","",""
"following.empty","Follow a developing story to see new reports here.","کسی جاری خبر کو فالو کریں، نئی رپورٹیں یہاں دکھیں گی۔","",""
"following.signIn","Sign in to follow stories.","خبریں فالو کرنے کے لیے سائن اِن کریں۔","",""
"archive.title","Archive","آرکائیو","",""
"archive.intro","Stories from 8 to 30 days ago. After 30 days they are removed.","8 سے 30 دن پرانی خبریں۔ 30 دن بعد انہیں ہٹا دیا جاتا ہے۔","",""
"archive.search","Search headlines","سرخیوں میں تلاش کریں","",""
"archive.searchButton","Search","تلاش","",""
"archive.empty","Nothing found.","کچھ نہیں ملا۔","",""
"sources.title","Our sources","ہمارے ذرائع","",""
"sources.intro","Every outlet we collect from. Choosing sources is itself a choice, so the whole list is public and anyone can suggest more.","ہر وہ ادارہ جس سے ہم خبریں جمع کرتے ہیں۔ ذرائع چننا بھی ایک فیصلہ ہے، اس لیے پوری فہرست عوامی ہے اور کوئی بھی نئے ذرائع تجویز کر سکتا ہے۔","",""
"sources.policy","A source is included if it publishes news regularly, can be identified, and is not dedicated to hate or harassment. The same rule applies to every source.","وہ ذریعہ شامل ہوتا ہے جو باقاعدگی سے خبریں شائع کرے، پہچانا جا سکے اور نفرت یا ہراسانی کے لیے ہی وقف نہ ہو۔ ہر ذریعے پر یہی اصول لاگو ہے۔","",""
"sources.count","{n} sources","{n} ذرائع","",""
"status.live","Collected","جمع ہو رہا ہے","",""
"status.to_check","Being checked","جانچ جاری","",""
"status.broken","Feed not working","فیڈ کام نہیں کر رہی","",""
"status.no_feed","No public feed yet","ابھی کوئی عوامی فیڈ نہیں","",""
"layer.national","India","بھارت","",""
"layer.state","State","ریاست","",""
"layer.international","International","بین الاقوامی","",""
"suggest.title","Suggest a source","ذریعہ تجویز کریں","",""
"suggest.name","Outlet or page name","ادارے یا صفحے کا نام","",""
"suggest.url","Website (optional)","ویب سائٹ (اختیاری)","",""
"suggest.note","Anything we should know (optional)","کچھ اور جو ہمیں معلوم ہونا چاہیے (اختیاری)","",""
"suggest.send","Send suggestion","تجویز بھیجیں","",""
"suggest.thanks","Thank you. Every suggestion is checked against the published source rule.","شکریہ۔ ہر تجویز کو شائع شدہ ذرائع کے اصول کے مطابق جانچا جاتا ہے۔","",""
"suggest.signIn","Sign in to suggest a source.","ذریعہ تجویز کرنے کے لیے سائن اِن کریں۔","",""
"suggest.error","Could not send. Please check the name and try again.","بھیجا نہیں جا سکا۔ نام جانچ کر دوبارہ کوشش کریں۔","",""
"login.title","Sign in","سائن اِن","",""
"login.intro","Save your choices and follow stories on every device. Reading needs no account.","اپنا انتخاب محفوظ کریں اور ہر ڈیوائس پر خبریں فالو کریں۔ پڑھنے کے لیے اکاؤنٹ ضروری نہیں۔","",""
"login.google","Continue with Google","Google کے ساتھ جاری رکھیں","",""
"login.error","Sign-in did not work. Please try again.","سائن اِن نہیں ہو سکا۔ دوبارہ کوشش کریں۔","",""
"login.guest","Continue without an account","بغیر اکاؤنٹ جاری رکھیں","",""
"login.notConfigured","Sign-in works once Supabase is connected (see docs/SETUP.md).","Supabase جڑنے کے بعد سائن اِن کام کرے گا (docs/SETUP.md دیکھیں)۔","",""
"settings.title","Settings","ترتیبات","",""
"settings.reading","What you see","آپ کیا دیکھتے ہیں","",""
"settings.app","App","ایپ","",""
"settings.ui","App language","ایپ کی زبان","",""
"settings.ai","Default AI assistant","طے شدہ AI اسسٹنٹ","",""
"settings.account","Account","اکاؤنٹ","",""
"settings.signedInAs","Signed in as {email}","{email} کے طور پر سائن اِن","",""
"settings.guest","You are not signed in. Your choices are saved on this device only.","آپ سائن اِن نہیں ہیں۔ آپ کا انتخاب صرف اسی ڈیوائس پر محفوظ ہوتا ہے۔","",""
"settings.signOut","Sign out","سائن آؤٹ","",""
"settings.delete","Delete my account","میرا اکاؤنٹ حذف کریں","",""
"settings.deleteConfirm","This deletes your account, choices and follows for good. Type DELETE to confirm.","اس سے آپ کا اکاؤنٹ، انتخاب اور فالو ہمیشہ کے لیے حذف ہو جائیں گے۔ تصدیق کے لیے DELETE لکھیں۔","",""
"settings.deleteButton","Delete account","اکاؤنٹ حذف کریں","",""
"settings.inactive","Accounts unused for 12 months are deleted automatically. The app never sends email.","12 مہینے استعمال نہ ہونے والے اکاؤنٹ خود بخود حذف ہو جاتے ہیں۔ ایپ کبھی ای میل نہیں بھیجتی۔","",""
"group.newspaper","Newspaper","اخبار","",""
"group.tv","TV","ٹی وی","",""
"group.digital","Digital","ڈیجیٹل","",""
"group.community","Community","کمیونٹی","",""
"group.government","Government","حکومت","",""
"group.international","International","بین الاقوامی","",""
"group.video","YouTube","یوٹیوب","",""
"footer.rule","We never rank, rate or rewrite sources.","ہم کبھی ذرائع کو درجہ، ریٹنگ نہیں دیتے اور نہ دوبارہ لکھتے ہیں۔","",""
"footer.about","How it works","یہ کیسے کام کرتا ہے","",""
"footer.sources","Our sources","ہمارے ذرائع","",""
"footer.grievance","Grievances and takedowns","شکایات اور ہٹانے کی درخواستیں","",""
"footer.privacy","Privacy","رازداری","",""
"footer.terms","Terms","شرائط","",""
"notFound.title","Page not found","صفحہ نہیں ملا","",""
"notFound.back","Go to your feed","اپنی فیڈ پر جائیں","",""
"error.title","Something went wrong","کچھ غلط ہو گیا","",""
"error.retry","Try again","دوبارہ کوشش کریں","",""
"common.loading","Loading…","لوڈ ہو رہا ہے…","",""
"common.close","Close","بند کریں","",""
"topic name: politics","Politics","سیاست","",""
"topic name: business","Business","کاروبار","",""
"topic name: tech","Tech","ٹیک","",""
"topic name: sports","Sports","کھیل","",""
"topic name: farming","Farming","کاشتکاری","",""
"topic name: education","Education & jobs","تعلیم اور ملازمتیں","",""
"topic name: health","Health","صحت","",""
"topic name: cinema","Cinema","سنیما","",""
"topic name: crime","Crime","جرائم","",""
"topic name: auto","Automobile","گاڑیاں","",""
"topic name: lifestyle","Lifestyle","طرز زندگی","",""
"topic name: fashion","Fashion","فیشن","",""
"topic name: food","Food","کھانا","",""
"topic name: travel","Travel","سفر","",""
"topic name: environment","Environment & weather","ماحول اور موسم","",""
"topic name: religion","Religion & festivals","مذہب اور تہوار","",""
"topic name: accidents","Accidents","حادثات","",""
"topic name: space","Space","خلا","",""
"topic name: gaming","Gaming","گیمنگ","",""
"state name: tg","Telangana","تلنگانہ","",""
"state name: ap","Andhra Pradesh","آندھرا پردیش","",""
"state name: ar","Arunachal Pradesh","اروناچل پردیش","",""
"state name: as","Assam","آسام","",""
"state name: br","Bihar","بہار","",""
"state name: cg","Chhattisgarh","چھتیس گڑھ","",""
"state name: ga","Goa","گوا","",""
"state name: gj","Gujarat","گجرات","",""
"state name: hr","Haryana","ہریانہ","",""
"state name: hp","Himachal Pradesh","ہماچل پردیش","",""
"state name: jh","Jharkhand","جھارکھنڈ","",""
"state name: ka","Karnataka","کرناٹک","",""
"state name: kl","Kerala","کیرالہ","",""
"state name: mp","Madhya Pradesh","مدھیہ پردیش","",""
"state name: mh","Maharashtra","مہاراشٹر","",""
"state name: mn","Manipur","منی پور","",""
"state name: ml","Meghalaya","میگھالیہ","",""
"state name: mz","Mizoram","میزورم","",""
"state name: nl","Nagaland","ناگالینڈ","",""
"state name: od","Odisha","اوڈیشہ","",""
"state name: pb","Punjab","پنجاب","",""
"state name: rj","Rajasthan","راجستھان","",""
"state name: sk","Sikkim","سکم","",""
"state name: tn","Tamil Nadu","تمل ناڈو","",""
"state name: tr","Tripura","تریپورہ","",""
"state name: up","Uttar Pradesh","اتر پردیش","",""
"state name: uk","Uttarakhand","اتراکھنڈ","",""
"state name: wb","West Bengal","مغربی بنگال","",""
"state name: an","Andaman and Nicobar Islands","انڈمان و نکوبار جزائر","",""
"state name: ch","Chandigarh","چنڈی گڑھ","",""
"state name: dn","Dadra and Nagar Haveli and Daman and Diu","دادرا و نگر حویلی اور دمن و دیو","",""
"state name: dl","Delhi","دہلی","",""
"state name: jk","Jammu and Kashmir","جموں و کشمیر","",""
"state name: la","Ladakh","لداخ","",""
"state name: ld","Lakshadweep","لکشدیپ","",""
"state name: py","Puducherry","پڈوچیری","",""
